Student_ID,Extracurricular_Activity,Weekly_Hours
83f4a9a9-48a6-49d0-95b5-2908a8aa7158,Debate Club,5
ac3c5640-3c20-492f-804a-96c4f3b63fe1,Music,10
79a28903-fbe3-4b24-beae-00320bd4a990,Art,4
31c681ec-935f-4b0a-a138-4ddce2d9de5d,Sports,0
016b6287-b008-45cc-a7f3-6ae925c73c44,Debate Club,1
2d06e8cf-3805-4907-acd6-6193c7468f59,Debate Club,3
d92c9227-eadf-4085-bfcb-75468eb22579,Drama,9
986f9025-8f15-4a58-bce6-850487f8424d,Music,8
81392443-e45b-412e-b822-5688d0a44432,Music,3
79844388-dc8a-4e30-be60-33f728be9288,Drama,9
8573e793-c715-42b9-840c-5d9146fde062,None,0
51d87c64-55fa-4ab8-858f-1f193c07c574,Debate Club,7
b4d7e28e-271e-4ee2-b1a6-b1f1620e99d3,Debate Club,7
34f3193c-0ff0-455c-aa70-2e2f7746d0ba,Art,9
db52ca58-0500-4bc6-b20d-cb6ef2311f17,Drama,4
c0e3befd-4c71-40fe-9a0c-dd7cf1578470,None,0
8bcf53a1-bc10-4a52-bf5d-2fdf89c8d2ab,Art,7
076e2bba-7c53-48bf-af92-f25e45df16b6,Sports,8
77a6e17c-d72b-4108-aa40-5f12b963f37f,Music,5
907bfe36-9786-48f8-a4de-82e6e82c7d7b,Art,8
0cdf742b-2e85-4b21-b631-de9ddde9f863,Drama,8
610e6a64-e130-4617-82df-f33556666f9f,Music,0
04f64d86-7866-4765-94f7-ce8dd5bcb8d0,Art,2
c7fee39f-1190-4938-a66f-d7f739669fa7,Debate Club,8
05379ff6-d6d7-43b8-b309-4d353f4df561,None,0
37cc863b-f2a0-4459-9060-4f621d48a071,Art,0
bf780e3f-f6b7-41f7-9b74-92459b1bc895,Art,3
0692dc63-9424-4ed5-9bac-5c154fa03f26,Drama,10
b70b3420-f104-4785-a58b-252360141de9,Debate Club,5
c5c14eb4-b27b-4d90-9a16-342c3e2b6091,Debate Club,4
c85aca46-90e0-44a0-bbdd-3933cbd58bf6,Drama,7
575aed2c-a5c5-450c-8186-a57611a72609,Sports,6
a2b5b498-5cb8-4aed-b5f6-2c976efb63b1,Art,8
f7294951-8591-41d2-bbda-02422d174fc9,Sports,5
6f81cf4f-7701-47bb-bbc6-7e1fc64ee6e3,Art,6
162f8a24-ef43-413c-94aa-c9a33ed8c56c,None,0
6105716b-ab0e-464e-9c3e-b2d591e1aa96,Music,10
cc3ebdde-5ad5-4f06-b64d-7c877cd0129d,Sports,6
0299436a-8e48-4223-86b9-8991e14eb70d,Drama,7
c2171429-8e20-4724-bd13-7018680bac63,Art,7
17d2582e-046a-4df5-8afd-a61372bb912d,Drama,2
79279973-5e78-4fd7-94e0-d3baa9f948b2,Art,6
b3ee4d3b-5a10-4129-94ae-bd1b8ce6424d,Art,9
1e9b23bc-50c7-4006-b14d-3441b8a6171f,Music,4
7bf47042-bd15-41c8-b764-fbda3108d448,Sports,10
19bc143e-fb02-4ebb-8872-9a4d98c7472a,Art,4
88bd13d1-b540-430e-839f-3a254d6168bd,Debate Club,2
2053da42-f1af-4b65-b289-f2244ac9778d,Debate Club,1
782a65e0-48ca-4651-92f5-df7b0323d342,Sports,4
7a4c75d4-dc99-404c-b0e9-8b3b40a26c60,Sports,0
0db95301-afbb-411a-a123-5a8c93b7a886,None,0
1e52d770-3f89-4142-be71-6b1415ce6a66,None,0
85c7504b-c693-4a11-b9c6-a1ca9e50aa42,Music,7
4e2d6645-6dc7-4ac7-bd72-b05096a9954f,None,0
3531968d-c342-4d2b-b295-456e19675f06,None,0
1337739e-8d4f-4d27-ac7f-0b793d67cde9,Music,2
3b4206c5-085b-45fb-8a8f-f810784c2f29,Music,2
ec856f37-3bc1-4987-aff8-754d1238d630,Drama,5
6cd5e859-32a4-47b2-af04-e57dcdccc33a,Music,1
1247ea4e-2469-48e8-939e-198b44007d5a,None,0
49e2623d-ebd3-4616-91b7-8d8ed3016989,Debate Club,7
801ef1da-45b1-4d25-b153-3ae8670acc5c,Drama,8
5283aac7-bc0a-4a5d-ae99-6e3ee3b137fc,None,0
93403fad-dc4a-456b-9601-6237ac9ed156,None,0
0a4c9f7f-9384-4c2b-84fe-acaed248a9a7,None,0
2e76128b-4735-44f9-aa83-bf007135f221,Art,8
5553b2fe-6889-403e-9913-f9d3785299f4,Art,6
49c8a43f-7ed7-4ed7-b194-990b6961929e,Drama,8
50843242-168b-4625-b46f-78910964fbbf,None,0
fcf56188-d32e-4dcd-83bc-9478dd6ac7b8,Music,1
5c9d927d-84b8-41bb-b005-68d20de051a6,Art,10
8c99a894-445d-4c38-b41c-64940d366dfc,Drama,4
f920264c-0763-4cd0-9f15-c7b67c16128d,Art,8
8d605936-0380-4b70-8d03-c91e4f8d5238,None,0
1e1242e3-f272-42b6-b621-72ed1d0bc9bd,Art,1
45ff2c83-b495-4b4e-8245-6fb44ab7706e,Music,0
6232b17a-2507-4181-8d1f-b54074eff545,Art,7
46b82659-11df-42d7-9d30-de8922f235f2,Sports,0
d20f87d0-4465-4d6b-81fb-18b3c9a7d91f,None,0
7d5911c6-a8f1-4091-bfb8-102d9475dbc9,None,0
8b1e3b9d-c34b-4fbb-8d4a-75b8551ac8ea,Debate Club,3
9261549d-3d22-4c30-b28f-41defb140bc3,Sports,5
b489d070-7914-48a8-bea4-ff31517400f8,Music,6
fb16e5db-a6ea-479e-921c-82f8cada4f80,Drama,0
dea4ae17-54fd-4ad3-9716-108ef72169bb,Drama,0
b8f21423-03ed-41f8-b4f9-3d17e912b4bf,Debate Club,7
f81dbaa1-c812-4a8e-b830-89301327f1bc,Debate Club,10
da330aa1-541c-4fcd-9a0d-4a5f148f8b74,Art,4
c268283e-e32f-4e63-b7fd-dd71a075e927,Debate Club,4
ff574e2b-4991-4b9b-abc2-026faf34cf65,Drama,2
df615a5c-b432-4070-a23d-4c2fc2a79689,None,0
cbd00ef2-530a-47df-8bc6-10660769165f,Art,8
90e0a95b-697c-4923-87fa-841a3e83b91f,Music,5
9ea556aa-61ee-4c5b-9eef-580f9c07a751,Drama,10
4104a8b5-a34d-47c5-b60d-ebbb3b70b3a1,Debate Club,3
ad77e82f-49a2-4a89-a6b5-a92c771ad655,Drama,5
a3917c99-4c95-4f6a-966b-1964fcd6bdca,None,0
627b41a1-ffd6-4232-b2ff-e2944d57d880,Sports,8
fe2110d0-4bbe-4aff-9326-dffd5be4bf51,Music,1
90e0b95f-0212-4554-8644-58b46553867d,Drama,7
7f2984f5-bec3-4a37-9b3d-74bde91e314e,None,0
5a31b4cc-cd4b-49a9-9b68-9c883ae909fe,Art,6
a8c01f05-c478-46f1-b88e-c318c16d83ed,Sports,6
4f1639a0-0a17-491e-a576-9411a0a11839,Art,4
4b8c5bdc-e8dd-4e5a-9712-fb1621a4344f,Drama,7
f8b38a8b-e05f-48bc-8a16-a06cc958e75e,Debate Club,7
d31edf1a-e9ff-4cae-81c8-ca8c2a1f955a,Music,0
1d7bc313-cde2-4f1c-96b6-0afcded255d0,Art,4
b966442a-ad23-4d36-9c32-2c9739c1e262,None,0
ca6a2224-171e-46cc-9da3-6f1b8eac0a33,Music,9
ac1e86d8-bfbf-497b-ac3e-7b0d5e5ba13d,Drama,4
3bdbc09e-acc2-46a0-9bbc-91f75f18e583,Music,9
38ab854c-9c2e-48de-aa4e-361753f8382b,None,0
688613db-a634-4e78-8d5c-55c7b379cb1e,Music,3
18e19331-1dba-4267-be1c-a5a1fef518a6,Drama,7
be3e6e57-f30a-4e32-aba4-fc035efa9c5b,Drama,3
6a35df59-e2aa-4a5d-a78e-d00dba0266ef,Sports,8
08601833-479d-4cda-b396-ea37f065c817,Music,3
196f4dfa-5cd8-4e1a-9afe-c8a93c71e0be,Art,9
30974b2b-46a0-4a9b-a5ec-7acd0f8035f5,Sports,4
a446be72-364c-411a-a9ab-364a1777e8cb,Drama,9
203c8c25-fd23-4def-be5a-87e35560db22,Sports,2
3748967f-961d-43ba-b508-43f08de08fc2,Debate Club,0
00b9d4a3-9892-40ac-a689-33a9c9e48e8c,Sports,6
2cabd7e7-cc6b-46e5-802a-df9c8a4b8f7c,None,0
3ce915e7-c9d6-463b-8a3c-6f5f5bb5c40c,Drama,9
86ad8a8c-6bc4-423e-bde1-3c1b20733f6d,Drama,1
1beaf6ac-97fa-4f04-8363-90075cae9610,Debate Club,9
ddf275eb-e8a3-4341-8881-9065ba2c98ce,None,0
7a9e8eef-ffa3-41be-8f92-40e107f97d05,None,0
12d0498d-718d-4d05-a8e2-2743b65feea9,Debate Club,8
a21150f9-9fd3-4579-8667-72ce204e178c,Drama,4
7426b193-4b7e-4b3c-87d2-92a698eeac2b,Art,2
a6a27967-a79b-44b6-9a50-9fed1d4a3d81,None,0
3a7e8e14-e359-4ee1-b399-1a476e191042,Art,8
6d4067f4-5003-4b35-9857-8bafbac7e2b9,Drama,9
112fa612-7969-4ed2-ac48-bf55afd380c4,Drama,6
cfd01cbd-5f65-48ce-bd21-bc11be9d61ee,Debate Club,6
1f4a8ca1-ab85-4d59-9463-adc78fca7b6a,Debate Club,6
b8976ec5-ea74-4b18-9e3b-496f6c4596f6,Art,9
36760ce5-81e5-49f6-93f2-77cc1a85910d,Art,10
5e187b24-8e67-4a01-986a-646059a1120e,Drama,10
f97be2dd-8f9b-42ae-985c-16bd6dda4f8d,Sports,5
edd877c8-9be7-4737-86b8-92318e867f3c,Art,8
4f199ec0-c32d-4526-b3e4-110a45f50c52,None,0
6699cd99-a847-4ce7-90fa-6b5724ac2130,Music,5
3712f2d1-87cd-46a1-bf01-2e32177d6e7e,Debate Club,0
c6deb2f0-530a-41c7-b8ba-83684fc77768,Art,8
9e2aa4ac-c122-45b3-a84c-03d227d415b6,Sports,8
7129cec7-9b69-454d-bc54-535f6c8c3b6a,Sports,10
4882d73c-1c63-45ab-ae0e-d1e8585d3f86,Debate Club,3
652ffb49-3873-457f-8ba0-78e84ef492c1,Art,5
4169b9fc-c3a0-4c6f-a321-d1e1c47104c0,Music,5
61554667-2112-407c-acfa-55b06e3f683a,Art,6
12738a23-5aaa-432f-8e63-22b6ab05347f,Debate Club,10
dcb33df3-13ee-4dc6-abd1-4d2c75b27455,None,0
1d7c0098-4a1d-4b32-aaed-fdc7a3e05309,Music,6
d4ffa666-75c8-490d-9e3d-750df296d9f0,None,0
96c044d0-6f88-4f28-be49-fd091b19d8b8,Drama,0
5543fc3c-38b8-424e-96ea-57b3beed10b6,Music,5
e7ea8d5a-31a3-4c4d-828c-37e787d5b7be,Sports,5
3c7c1d85-25cf-4041-90a6-43fea53bc024,Music,3
a7cf705c-c257-4f73-829d-782b2722796e,Debate Club,3
c2874f06-9050-47ef-8123-5c9176c5a0dc,Sports,6
9fe0a8c7-fc8d-4b93-a2a2-e91fa49b1cd9,None,0
71348c2a-780b-4657-917b-355b70944bdb,Debate Club,2
4f76e388-12fe-48bf-81e0-d4895a18e2a3,Debate Club,7
dd3f7d7e-a508-4c95-93a4-a492497de16d,Sports,6
8de7ad6c-9490-47c2-b674-456f626d719d,Art,0
a6ded1d8-9258-47b7-8f50-1889e8b77f7b,Music,3
1a7f195b-7355-4b9d-8fd6-f47ef52d4af2,Debate Club,8
2c2cd22b-a568-45c6-812a-1f9b15969802,Art,5
28a39779-9c1c-4517-85d2-d0a686295b5d,Music,1
990f0c5b-adcc-4daf-969f-3ab3c6435300,Sports,5
adaa44ca-8ed6-4d5e-9831-8aa354669d19,Debate Club,8
df8f4197-9a4a-49b2-a806-133cf6e39356,Drama,10
f7baf55e-4f6b-48c8-998d-daeceaafe543,Sports,1
4f40c22f-15b0-4530-b020-e992b576255e,None,0
d436a7a8-b3ec-4951-ab8c-bf9720b71785,Drama,7
6c645c15-aba3-41cb-a561-e1e917ec889c,Music,5
f29a6339-577b-455a-b6d5-5494f37fd50d,None,0
d82c7565-4bb9-47ec-93c1-175427aa7cbc,Sports,1
09a9d1c1-86ca-46f4-a238-fe93bd17c5e8,Sports,3
29890880-277d-4be9-a070-b6a198e52499,Art,10
700b5d5f-b89f-42f3-aa60-c652e7147668,Music,1
48f1096d-9c4f-4b46-b1b7-01aaf836f571,Music,7
cf01f944-f731-4749-8f39-49a83d3a2582,None,0
fc043f08-9207-4158-b277-1f63ada58417,None,0
f75d599f-6b2d-4b09-8707-9ad480be7e35,None,0
a4244f23-0d5b-47cd-8000-35f0df7d0dd7,Debate Club,2
48f9e3d0-1fea-41e0-99e6-04b38412a335,Art,5
6ffe33b3-d4bf-4a4b-a5b8-a42f836b15c7,Art,8
06d3db93-ee33-488d-997e-6845e27718c5,None,0
5ffa46ef-14e4-480c-be99-36a362dbc850,Music,3
ca97ebf5-55d5-46af-a663-d2cdb6f6dbf1,Music,0
2387eaf6-d4c3-4832-b231-c60b78f2ce6b,Art,7
41843b03-04dd-4054-9448-23f7e7e646c7,Debate Club,6
1c76bdf6-6c5a-4c93-871c-08849bdf90f2,Sports,9
cb3cf8ca-a392-4731-ab79-afcc3d0a5f0c,Debate Club,10
04351b64-893a-4232-98c3-e3ca7ff4cec6,Sports,8
9d642932-0066-453d-ade2-99a14a90cd0c,Drama,0
f982f4e0-8603-456a-95ea-cbcfab1021ce,Music,2
8ddce719-81f3-4dd4-bd03-4adac9525185,Debate Club,4
40ef3935-5f90-4ed6-bb25-664d630aa767,None,0
a0d572c8-a837-4e68-bba2-05ca3dba6da8,Music,0
8bc78e81-5a30-4528-8b59-95622227219f,Sports,0
b20507bb-fb16-4757-b6f1-86abaf475b49,Music,2
752a7d25-f190-4b7e-86b4-69efb74eba93,Art,0
eef16694-50ca-432d-8aba-590ee2c328aa,Drama,10
c0d7ac73-095f-4a81-80d9-2bce7930ba20,Debate Club,2
54f90429-a7de-42cc-9da4-f4a70c3ce284,Sports,10
e506f670-7092-447d-be49-69ec6667d3bb,None,0
ec9f9c54-5e0a-42ab-bf5d-b163b12b6680,Drama,2
9a3a6103-6e3c-4532-9434-8f626cac028c,Sports,3
4e76833a-4baf-4f5e-a932-009453f28f11,Art,1
0ad7c9a2-7277-46ec-99fe-fbbc71a3fad2,Drama,9
fae3114b-a3b4-42bd-8649-42966f5842c3,None,0
cd14a03e-8359-4af6-9d01-f55f67fd64c4,Drama,8
c8040fb7-ad97-4b67-9b89-e5cbd942644c,Music,5
6202bee6-5cb5-469c-9dc7-b3e6a52964ff,None,0
5f3c44dc-5ef7-47b8-b2e6-195f732e2016,Sports,5
a6499cdc-507b-4072-a5e5-8f345df06e8c,Debate Club,0
63119aca-848a-4440-bfc1-58582fa0d842,Art,0
ff11c8ba-36ee-4640-b23e-f466b43bd27f,Art,2
da52d2ee-22bf-48f5-9f65-2a87333ee344,Music,5
ae92ea71-cf7d-4b43-9679-742fff4c96d6,Drama,6
8acbbe09-8ccc-4cea-909f-d8eeb5a47200,None,0
a3404f08-b341-41b8-ad65-22b4b5a5f8e6,Music,10
238d6f44-cac4-40eb-b373-730efc31a597,Drama,4
cdbcc653-77a7-48b7-9e70-f65f9280c5aa,Debate Club,3
b807d78a-b788-45d1-bfe5-75f665edcfe3,Debate Club,8
f8ede0ca-2015-4a72-92e1-53a6932cae01,None,0
e0c1ff1e-20da-4972-9832-1ee48471b4b0,Art,5
6ec01269-2108-4dd9-b75d-1e3cc48d5650,Sports,0
2a26f770-4ddb-4b36-a72c-058884a2576c,Art,5
e519dd7e-84d6-4c4f-b0df-1684f28e4122,Drama,5
200b2903-4642-4c45-8d03-f17af4d375c1,Drama,3
f10d27c8-9780-4215-ab2b-b8e9a417c093,Art,0
d7b00bdc-566e-4cbe-9aea-622fe6e987ca,Sports,6
a4364fcd-f2d3-4761-8ba3-627914cb0564,Art,6
a394ed54-9e3c-4a88-aaa5-6e6d92779574,Drama,6
7ba24588-4d56-4a3d-b4e7-069aa4540937,None,0
0f5675f8-b048-4aa1-92ae-5c22741b77f5,Music,9
5005680f-24c7-48a5-9b4e-164b5716dc2e,Drama,5
2179e3f0-6612-4ab4-b9b2-1e6e586a346a,None,0
44790612-1f5d-488f-b76a-bf093de28859,Debate Club,8
9d896047-dd39-4793-a257-a4a2f204be89,Music,6
93e34c35-ef0a-473d-93d2-d56dd0401587,Debate Club,7
7faeb748-7781-421e-83c5-01cbfef7d9ea,Music,2
f778c676-750d-412e-8164-ceec64ab851b,Art,5
e1e0fffc-98f6-4d7f-beb1-62f14806f804,Art,0
6e51484d-1b84-4dc3-98e0-49de0217ea0e,Drama,2
668c8477-0b95-417c-9dae-1201673ba8bd,Sports,7
8116e3fc-62e7-41a6-92d2-fa0649e1cd13,Art,7
1e6a6628-9c6d-42d5-ae2e-9af99f8cc29f,Sports,6
f05eeefe-8ece-4128-96ce-4b42fc9e1dcb,Drama,7
0b990034-0a4e-4552-8005-1b1066c14dca,Music,10
9b33e3a4-2620-49a9-b4fd-33d184f2fd0f,None,0
fd98fe33-6498-4be9-a999-bbef518b2f21,None,0
88476c56-827c-4f8c-940a-c5e981df6517,Debate Club,8
fada98f5-1c0f-4bdc-ac7e-937c54cc1e2a,Debate Club,0
06d25913-a117-4719-b023-a0eadf41e335,None,0
93dfd907-9416-44dc-86b2-8deff8d8b7f1,Drama,5
9ea7017c-b89f-4039-a107-cc4686341718,Debate Club,6
f2bd92f2-9293-4705-8815-01473e00980e,Music,10
b0c4a01c-69b7-40fa-a6c4-32f66b352f85,Debate Club,7
bc5fd4dd-d92f-4c1e-9f70-fb2a78bb22a5,Debate Club,2
a987b218-ff84-4aef-9336-723b8f964685,Music,8
57a2be4e-887b-43e5-a980-f80875ac824c,Art,9
b17cfb21-cdbc-4c1c-a4af-e7bdae455cc6,None,0
3990e2c9-4c6a-40f4-8ede-c44d476cf68c,Drama,1
b47a1c5b-b0b3-4015-b510-2852b4746349,Drama,2
1f33242d-49ac-4087-8601-5028b8beff3d,Sports,8
f4613f09-585a-4efb-9181-2f7765001423,Debate Club,4
58ab4778-143b-45e3-b6d1-f6bbf48f709c,Sports,1
89e03e22-d3f4-449b-b3ba-ba8836c7d6fa,Music,3
963a8617-bdab-47e7-9d9d-028e1bf645f6,Debate Club,0
0d700ea4-3b9b-4d45-a350-55e439c59df9,None,0
01539221-2331-4a28-8550-eca8ae62990c,None,0
e0decc3d-e172-4c83-af5e-4376a723fb72,Debate Club,3
a55990e7-4910-4ade-9238-0bf24988e418,Debate Club,10
b91e3d6e-bd1a-4f4b-88ff-bd403b72c86d,None,0
2d007d05-d66d-4627-a1da-ce6a6afa828c,Art,6
efc59738-2fb2-4e66-bed1-7aabc9b7c9bc,Art,3
9165f2ed-4c63-4e95-825f-55430997623a,None,0
8b15bd94-a42d-4cd7-bd35-9f6a74503887,Music,0
315c167a-45d8-46ad-b7d0-359e811414f8,Music,7
2faabe0b-b7f6-4cdf-81dc-1c60a5f60735,Sports,0
2ced3c0d-3173-44b5-81dd-484aaca58d95,Sports,6
1634725b-53f3-4073-83e9-6ef46d7df5d0,Sports,2
3f800385-ef92-40b6-92d7-8f107a3a6e96,Music,4
4d4c5280-5462-42e7-b43b-a0524459bd6e,Debate Club,2
0fe76149-3c7e-4368-b159-48475c0b9b10,Art,6
e5267a2b-ec50-4ce4-80a5-2e65afa28559,Debate Club,1
4b87959f-f0cd-4f05-aa87-855ea38295d3,Sports,4
bf6b8cdf-7479-4b61-a737-2b527a6a2107,Music,6
aa0217d0-cd4f-4b2b-899a-c252c1e1b94a,Sports,5
14f573d0-c991-4032-9f85-c77798874bfe,Sports,2
0fcf601f-1cb9-473a-906d-5c8cead08c89,Music,6
53ff8461-2a1f-4b61-a65c-b9d989628f6e,Art,10
1747f387-7d23-4479-9549-2a82b787ef8d,None,0
74f0beae-6a59-43ce-8364-35e321c71aa3,Drama,9
655ce508-0592-4fa5-b928-e23f4ee4334e,Debate Club,3
58330b30-6c77-4e95-8b98-1ccd12b2102d,Art,10
ef0bea4f-fc73-4d92-91ab-3d11e4eb8000,Music,9
fa740cc8-a43a-4b7a-840d-487422ab7752,None,0
de9f6f5b-72d3-4458-a1ea-2f30e42e707a,Art,4
8a0f9508-dfe2-40a0-a96b-3c42f6d22a7b,None,0
87623997-649f-4d88-8989-c5abfe2b34d8,Drama,10
4c61845e-fa7e-4d94-85d1-fb63c194f97f,None,0
3f5cf2f3-3acb-43a3-92c7-bffb6118433b,Drama,6
1ce362f8-c3f7-45fe-b99b-2b5ae00da49d,Music,5
04015ced-e398-46bb-a23d-dfaaefad49e9,Debate Club,4
b40a9181-ac09-4db7-9908-6e477249f62c,None,0
379ef467-8a2d-42e6-bbfd-a8a6705fddf5,Art,9
d0d75e37-3bf2-425f-8a0d-2b73fe54ee4b,None,0
52171bf3-d181-43d1-ac2b-0cfcc5c51060,None,0
4ceda164-69df-44e9-b896-41dd8570b59f,Art,2
a0411612-2cd5-4759-a95d-2761bc36dc59,Sports,2
abdd1a8f-a4b0-4c89-b10b-ce9c582b91ee,Music,5
605fb1eb-4cc5-4e0d-a633-20186883ac6e,Drama,5
b523c0de-db87-429c-8cfd-0fc139b02e2a,Sports,1
8eaa5841-6aa0-426d-b7c0-d5f769a53b4f,Drama,9
ec170298-143d-45b3-a58e-83dd548c1d84,Sports,1
44b9e602-0d31-412e-b0c3-6756d453f867,Art,2
c2fe8954-cdfd-4531-b02b-783112a1fe7d,Music,5
553d2625-e833-4da5-9e95-d6953579c143,Drama,10
1e086f20-bdd1-41b0-b64a-b6ec30a5648e,Debate Club,3
345af934-b42a-4d93-9aba-0f15b2149062,Drama,6
889d4b76-775c-40b5-a173-0c4848769153,None,0
193e638d-774c-4afa-bf4d-908ce1fff6c0,Drama,1
5ee68495-3400-49c3-aa11-905b51facefa,Art,6
42c21797-0426-4cc9-a55b-30e2bdc2b74b,Debate Club,3
54720d2d-3239-4ffb-a704-6f254b91b8cb,Art,8
af521b94-f186-447a-a794-63208cf6e8b8,Music,7
7d97ac0f-bd56-49c4-a446-1663b93b17fb,Music,9
7d024c6d-8bea-45c1-b866-77aa23d4526b,None,0
08a8ac7f-8621-48ad-8f09-105cf50d7a37,Music,10
6992896e-01a2-4ed1-83ab-b5f10c6b7074,None,0
8177b661-37fe-432c-8257-185126a9e100,Sports,6
7bb3447b-e9aa-444b-9dd4-3675ef145064,Sports,9
8787ea21-0448-4a22-8308-aa5e694d7b00,None,0
ac8d6c7d-b2a6-4468-902b-124380913ac1,Art,8
261e2555-863e-4f2a-98a8-06efeb053fc4,None,0
659b0105-cb80-4288-846f-64dd5abca6e5,None,0
39d1c7ff-b27e-4442-bd7f-e9733e42df5b,None,0
c27437eb-a65f-4b8a-9bb4-4021fdde64af,Sports,0
026b5383-a301-4c03-8e5d-8c6a79db7862,Debate Club,4
90dbfad6-54ce-46be-88cc-e2c2a518a418,Art,2
361f6d90-3ad1-4a33-8ae4-ac11eb4d8f42,Sports,0
13087974-ec95-43ac-8beb-7c3445667c48,Music,3
edc3a1c3-2dea-4d2d-886c-405fa879d8f8,Drama,4
b674410d-d218-49d6-8093-bfb024e9bcfd,None,0
d5aba8ae-9112-4bc0-bd8f-95f4905f9096,Music,7
23d3cd4c-bd5f-4093-816f-9bcc6243bed7,Art,9
0dbf0caf-588a-4f87-b96d-40f8bed63da0,Debate Club,6
f4719986-9d26-4599-84dd-8df59aec56a8,Sports,9
fe1a1ba9-c896-4c5b-85f8-c28da255e1bb,Debate Club,5
ae007b7e-2f8c-43e5-ae8d-9644601bfbcb,None,0
b68e47fa-3f17-4534-8c4d-58194b9dfd58,Debate Club,3
bd5a0c9e-277e-40aa-a247-541dc8ad0899,Music,10
5c238d8d-71da-45b9-8eea-9db8f165d779,Sports,0
8e0370cf-8e96-4227-b2e7-6b516e54ac6d,Sports,7
991965ea-98d0-4c2c-97d3-0f328de1596c,Music,7
15aede0f-c777-407f-a346-d4ef69ef74e3,Music,8
2b69c95e-8567-4b58-926b-ffa53e245fbf,Music,2
103246b3-255b-4c1c-be3d-5ee444b64ec1,None,0
406f64d6-5c72-4ebd-93b1-1e59c85cd714,None,0
1b628a9d-7536-4b9f-b20f-72c09dde0188,None,0
cdd7f460-6140-47d3-9ec4-ea48d773f98d,Art,7
f966d59f-a6aa-49e5-9c08-bf29d2d33488,Drama,2
506e50c7-7aa0-41e9-b36b-00cbb1fead13,Sports,0
7db2a7aa-a205-454f-b1e8-c09dbc20b9f2,None,0
64976593-c92e-4c93-9105-c8d647c1c017,None,0
ae84b81c-2e0f-45b3-8bae-591eff4cc10f,Drama,6
703e957f-35ab-4466-b557-8b00f166cdcf,Music,2
68bd80d7-cb88-4c32-8bb0-2a8bd908a121,Drama,1
b719bb68-2775-4e42-a89e-22f240afbf3f,Drama,5
669b29b8-950d-41a0-baaf-20019912316a,None,0
ca6caf9b-0969-4101-8b2c-550a6b15c11b,Drama,6
15c1604f-ea16-4354-a35f-c9c198049562,Drama,10
0b570720-9cd8-458b-a5a1-c8252a9528c3,Drama,4
f73936e9-54e3-4579-80af-d193f780ef2f,Debate Club,10
84cfee39-bf31-429f-82bb-ad8438d5101f,None,0
c5b8386b-768b-4f7e-a421-5e665fc64cd0,Music,1
1ac3bf31-7b96-42d1-8649-bcf6ff69723d,Art,5
2444d301-baeb-486b-b0d0-270fd4d13d55,Art,7
79e5c9aa-592a-4549-bba1-09d08567c805,Debate Club,4
cf685878-0b70-4933-8cde-1b6b1132567c,Art,7
2a131c1f-ccd0-45c1-ad59-00dd1bff3142,None,0
8f5242d3-54bb-4cf8-a8fe-a7618d49fe3f,Sports,4
a3f66c61-2fb7-4dab-af38-3b43a137f8e4,Debate Club,9
979aa051-7317-491a-b283-daa4e212ab7c,Debate Club,7
cf08ea54-b429-4924-8098-675047419b48,Music,4
5373bf4d-5da4-4cb9-afdc-999289718eea,Debate Club,7
a39c9ec6-f746-4c02-8718-54c17d4ed26e,None,0
d873dad9-5a1b-4f0e-9911-96dc1d3e503a,Debate Club,5
9d4edb71-eb2e-480e-8c25-5823ccf4ffb0,Drama,10
2edc017e-1df0-4d18-8e2d-62553d131a3d,None,0
623ad0fc-9326-4d25-a34b-456298af5cca,Drama,1
fff96acf-ee42-45ee-a52f-c3eceb4e2281,None,0
7374ccbf-d78c-47d3-9088-50d32fe5b140,Art,5
d0b1fde0-31f3-40c0-a2f3-f0687c0f549d,None,0
6a66c184-7de1-4f5d-af48-47f068bd075b,Sports,1
c2d49b56-cbbe-4980-87e6-7cb090bde900,Music,0
751303b9-c7de-46ea-ab0f-be4449e64c22,Music,4
1d3ca5a4-929d-4377-9cfb-655f82c42e48,Sports,0
0aa6fcb9-c1bc-4e59-9296-a12d8ac35ac4,Drama,4
d47f83b1-bc69-4155-9a37-f6bd6cd6f011,Debate Club,8
593c572b-4347-4bca-b321-a8b20840405a,Music,8
3ca87f31-cfd7-43b9-868f-cba51e0d02b5,Art,0
a1fd4187-9c3a-4e0b-b5f3-f8aadc6dafff,Debate Club,2
0f321333-ce31-4937-b4fa-32b6d0437e4c,Art,10
b43cde0a-fa9f-410e-92da-f6812b1ac76c,Music,10
ade68f51-e670-43a0-bc48-f61583b0b35c,Music,9
fe1393cd-0f2d-4c15-ab34-6d3a695e5ea9,Drama,8
b61df906-2570-45db-bfea-d90a21f8072d,Music,5
93d228d4-2465-4c39-bd4d-2add64880945,Music,0
e14fe093-cb6a-40c7-a235-6dd4135508d0,Sports,8
5e7b72c8-e097-4edb-afb3-b939b1d81887,Sports,7
bb93cd40-d8df-4535-862d-baeade70bd30,Drama,7
1036708d-d9a0-4007-9bb4-7c18b28187c4,Art,2
44bed486-7ea5-4387-b63b-e5cbd3293724,Art,4
7c3f1add-da38-4db5-90ee-b067216e9fe5,Art,0
c8acffcf-a04d-4d14-997d-bae10bc2ea72,Art,0
002c4c22-74de-4f70-b0f8-1dba28719b9b,Debate Club,1
28b2bf21-4d47-4ed6-a666-3769e1d46f82,Art,7
5f31273d-1519-430c-8019-83035c457e4d,None,0
b30e96e8-b9da-4f8c-8e35-da80a0279a18,Sports,1
7a10013f-36a2-452b-8047-3139185df528,Art,8
b212a6ee-0210-4371-8260-a12371efe72a,Drama,1
1221cddf-7a4a-402f-a1d6-3b0fb1ac040d,Art,2
e1887eaf-5e18-45c3-9037-cd6b1a6b6a7d,Sports,5
fe31537a-a43e-458c-a215-df00dfdf0e05,Debate Club,9
70aa5b0d-2a03-4ad4-a667-b9829c3de1b0,Art,2
afc2ccfc-9db7-484b-a965-d1d1eb7e2e64,None,0
96ee50e5-1f87-4b46-80a0-473a23d7e6a1,Sports,7
46e75a2c-3f6e-4d9d-a3cb-e943ca840003,Art,9
c76a8e0f-48f0-41f0-9b8b-38aeb89f3a92,Art,2
848b34f0-3498-4735-8d38-e415e03635fc,Sports,5
e5dd98f1-c8a7-48ab-8df8-3e12a56b61e0,Sports,4
980bc81e-a359-4d1f-bfe4-a42e3db788a6,Art,6
21c9a15d-5104-4a16-af15-ab725c70ee97,Drama,2
c34201db-2c3a-4cdc-aed5-4a468bde005b,Drama,9
431e930f-0387-474d-9149-d096965d744f,Debate Club,5
a0ea0251-4957-43a2-81b1-3b8065e1b0f5,Debate Club,10
895c4fde-a3fa-4069-9519-fd3866fba71d,Art,8
3404c02a-ebc1-4b52-82e4-dd4a143ac1c5,Art,2
d5a386d9-c362-4810-a261-1b8d9620bee6,Music,8
d8b22277-f413-4b19-bade-8d5d6fff15cc,Sports,2
9bdc70d1-9cbf-4b8c-b410-2d5d1db14bfc,Art,7
b538f96c-033e-42f7-9e93-d1272cf72140,Art,1
c871d7b3-8468-474d-85e3-ade558c1aad6,Debate Club,5
44cdbfdd-df9b-441e-87f7-bda1bff15840,Drama,9
45a08539-6de8-470a-8e9e-9ebd55c34853,Drama,9
7487d772-7f03-46fa-93ba-dc91a0a5fde6,Art,9
414f4994-2845-4780-9e20-c9572ab8bd33,Art,1
82425912-bda3-4162-ba78-b64a1d8680cb,Art,9
620af158-5d2d-404f-b8c5-90730bc57207,Debate Club,1
e9f87970-cd98-49e2-8d88-8beb090d9655,None,0
b864ca08-ea75-452d-aa8f-cacb3f8e2d0d,Drama,0
e6e59b32-ac5f-42ef-8085-c1471e910f36,Music,8
11a529b4-66a3-42d6-b43e-8c480bc1f9e5,Debate Club,1
8d9765c7-161d-4c87-93c9-fe594f89e3b2,Music,10
9f6a6a65-bd54-4a04-8dcd-0009c8d57717,Sports,4
3207343e-c6a0-4656-85c9-fb91ff6ef9ed,None,0
68f82063-eeb1-4ad2-81a1-fb0f268b84b6,Sports,9
f374190d-0274-4e40-a090-16b6b186a5a8,Debate Club,1
1a9c672a-4eb9-447d-ba2a-c3d9bcf2fc3b,Sports,0
ff38b918-f8f9-445d-8f55-4896f610396b,None,0
850ef0ad-d872-472e-a5b4-a1ae3b41c943,Drama,5
1877bc06-94ad-4252-95bc-2a3ebf7655d7,Music,7
6f5b09a6-0ff1-451f-915c-b31b97867b12,None,0
cd0254db-ed11-45d7-90a4-6c85d9d57b02,Sports,5
131eb723-3bcd-4203-859e-e67473e7f042,Debate Club,2
2a147a96-1b0c-42eb-a7c8-fc6c1be5a4c3,Drama,8
3527a5c8-c534-4a08-b6f2-4d1c5bb8b9c8,None,0
afa14a55-cebe-4baa-a859-7b341725d2c7,Debate Club,1
53ea4919-db48-42c2-95ff-2a1f370b9a29,Art,3
ad5be3c8-0c88-4714-8372-17e0657046ea,Sports,5
73c374a6-dac7-46b6-a786-3fb3f3bc9a71,Drama,2
23c97a1e-cb37-4d97-8dcc-2d6a1a16998c,Art,8
d2dc42c8-32b8-48aa-a176-8dd738e7e019,Sports,7
424211e2-960b-40f4-9513-2c2215839b99,Sports,6
7184b713-a55f-45b7-a709-fba6329fc417,Art,3
0aee2557-1f5d-4912-94e0-7431cf133b65,Drama,4
651ea252-b974-4cde-9259-f9606ee35607,None,0
47a48c42-4665-4497-afe9-22aae886a011,None,0
4b8c031f-a5b4-4983-beeb-c04a9df2372e,Music,2
e2789642-a484-4035-b30f-aaa36b52f93c,Drama,7
fd498e20-04ff-4ab2-8b7b-0b3a8b2d158a,Drama,8
e9a53368-5812-4eb2-bc13-f47ac80c2195,Music,4
3811b519-98dc-4e0b-91a1-f5df06ac1010,Drama,5
8788dfed-78c0-4ed8-bdd4-ff21cf03f0c8,Debate Club,5
a8284442-3f73-4f50-99a2-676f28dd2bfd,Art,5
ff138c80-c398-4332-8e50-0785bcaff931,Debate Club,2
d6d744fd-ef69-4980-9ad4-79ef636fa890,Art,10
e9fa97e2-5bd9-4609-b297-a782bcf474aa,Drama,5
9027e770-2460-40d2-9048-83c191519998,Art,0
4f1e1a37-8ac8-4d93-be02-921df86b543a,Sports,1
86c5547c-051a-4039-b803-dcee9a069295,Sports,7
b7893986-573b-4c17-a167-c35ece7334f2,Sports,7
962c04dd-25d0-4461-859c-15740f3f0f48,Debate Club,7
f5e72daf-5d69-4bc8-9c54-d59b86bb42c7,Art,0
4d407b28-5628-4dcd-99dd-3e8c96053035,Drama,8
f5edf382-a3a6-4f83-8ab6-31076fd69b3a,Art,6
c9784b52-9d1c-4838-adc8-cca8e3bcd6f3,Drama,4
b0416f19-bbe7-4835-8e8b-f78a60ddc7f1,None,0
643ffdae-92a5-4d04-b2dd-e1f5b3b6d344,Debate Club,6
ebc92914-5176-49d1-9a36-24d62e9ce8ff,None,0
2401342a-7f05-4bf5-afca-c5771aa6f7cb,Art,1
e2a45909-a2dd-42d5-aafa-ab7b51cbf9e5,Drama,6
725656e3-55f3-4d50-a2fb-b984bab27bce,Sports,8
1ba827c6-c97a-44ad-81b4-55b859b9222c,None,0
e271fff9-2a95-47f6-b817-0ebf6b6e64c5,None,0
7abfcebf-d42c-41ae-99f7-38cb6016c743,Sports,6
12de9e5a-7387-428a-a9a3-db6d39bfca38,Art,8
12fecc2b-1acf-42c5-b3a0-212042d943ee,Sports,7
e5eb772d-f11c-4ac5-8c0b-393a13335bc9,Art,7
07ef2ba8-b45a-4ab3-bb94-a34de4aa786d,Drama,3
19ec0829-0db5-4441-a837-f4186f27c1b9,None,0
badf9397-ecf2-4429-b8d7-7d2f8dda4ff2,Sports,0
925f8199-6495-4d5f-8cb4-e891188df23b,Art,2
4b6797a1-166e-4fe3-ad77-959500fa0eb4,Drama,1
2bbba89d-34fa-4ee1-8696-9d4818d42238,Sports,8
65c06b93-c8ed-4bdd-8ef0-3f801d91fe39,Drama,3
2f546033-6334-4a2a-8b4b-d7e7a4515ae0,Drama,5
770e09db-7092-4401-8367-5d580b6c03c8,Art,1
aadf3692-b24b-4b96-8092-7b7426b07ff6,Sports,6
96f84ff7-c1a7-4883-b880-287869fb0763,Drama,4
891778e8-f733-4094-ab2b-78b985c7f3be,Sports,9
143665f5-4c81-4260-b9ec-533c3c53090e,Drama,2
ccea5031-844e-450b-a684-390c923b7820,Sports,9
2c41cbd3-72f4-44ab-81d7-1f4af3025d16,None,0
6c624c2c-0aec-4ec7-a04d-b9da31567f2a,Debate Club,4
d5881c1c-25db-4946-a091-e5b4d2938e6e,Music,5
635a775d-1647-4e3f-9127-b207ceae1325,Music,6
df9b7c1f-eacb-4f6d-b549-c9f9850a48d4,Sports,0
6a18e5af-1cce-48e9-ab6a-8061c81c8d31,Debate Club,6
ecc817a6-19a6-480e-b08c-e6c2f6ff3521,Sports,5
5807cf74-e150-4425-891f-4683de12dbf1,Debate Club,8
099759a3-7919-455c-9be4-f19f92701d60,Drama,9
09eda6f5-66d7-4d97-b193-c8b8ae49c079,None,0
ebbbd763-79a7-463b-bee9-75da0c9e5550,Sports,4
47c4cc51-4f9a-4f98-8d95-0273cb2cc805,None,0
226716e3-3a5b-4ac5-9e70-3b72f8f58a26,None,0
6ab19e15-ba92-492e-84f8-b53c52246d05,Music,7
bdae8eff-683c-410e-92ef-a93be9d6bb7e,None,0
4fa5c35e-10cc-4604-a8b2-6b1bca9f1d59,Drama,10
07692583-9194-421e-a11b-f0d486379f04,Debate Club,3
74d9d1f5-0877-4804-bfde-98140ec0ad4b,Debate Club,9
814ff657-76d7-4561-92d1-4ef55e4c4fd1,Drama,5
98133da1-7d21-40ad-9f59-fb4d3defa7ba,Debate Club,0
29dc073e-5820-43f2-9989-dd6c8d2434f9,Sports,1
62f5f7c2-0706-4ec2-88fa-4e981723ecdb,Sports,2
a5bab050-38aa-46df-9b6b-a39b36dd9529,Debate Club,2
c7c1fb1b-dd58-431b-8522-26b983666636,None,0
99e4704c-2c56-40cd-a5ba-247221df5609,None,0
f78ee9e8-b676-491d-8e32-9b4bf168c605,None,0
4082fcda-7580-44e9-9945-0186da018d29,Drama,0
1a312044-95a0-4356-a5ab-c9ff9fa4a627,Art,3
a5b83693-8fbb-4749-9fcd-859ed6e18109,Art,8
fd053963-5616-4f7e-9057-a0027b53359e,Sports,0
e4729be5-f3c2-444a-b60a-3dcca7f77451,Music,0
ce30a61d-0e88-48ec-a651-e3e13d846fc9,Debate Club,1
b8a60402-23d2-4b8d-ae46-024d51d05ef3,Sports,3
6365fc2a-6793-4b09-ab27-1effe82b5b36,Art,2
b9ff2c29-57d9-4bb0-b09e-47bad0e656e5,Drama,1
abff9286-f0cf-4d73-a812-1ef079c9c839,Art,10
2e5eeb6a-8ee9-481a-a061-f65fa8596f8c,Art,5
c34e9baf-8f1c-42cc-8eef-9fa8b9a5d4d0,Music,6
5af3da5a-38e5-4b27-96dc-5a6ea7890770,Debate Club,8
42b40281-5f26-4466-94d1-332ae3082ddc,None,0
9565257b-a267-432f-9dcb-f4bc0dbdc5da,Drama,2
de14553b-1eac-41d9-801f-490931cd9f6e,Drama,5
232a5e82-2699-4aab-9aaf-7529deeff82a,Sports,4
50fe8199-24aa-4685-b523-66cefc950bba,Art,10
2d445af8-fc94-46b1-a18b-5d1555273407,Music,8
2b29bf36-c606-4dc4-82dd-901d359a1533,Music,2
9d4e8b5d-2120-4fba-9689-e0b8c79ddb62,Music,10
09a85dc5-0131-4f3b-a221-06707a36e788,Drama,4
d54e7948-c1c0-45e3-927c-8f50e45a87e8,Art,10
b18ad67d-39ec-4ca1-bfb2-df47bbcd6c18,Drama,10
2ac1d5ca-4e5d-4f12-96b3-1f4a80daa8ca,Art,5
98abb2e7-8531-4f0f-ba53-312274b79620,Sports,0
e6c11650-ff02-45b0-97bd-56c92240063b,None,0
3a799efa-04e5-4bd5-a744-acd4cfdfc6f9,Music,8
2b429596-812f-4a38-96f6-1c09059c1ba0,Music,5
417b6634-a3ec-452c-a065-3245600c9c71,Art,4
a750350e-1bad-42a8-a976-dc4d0c472187,Sports,1
8c1ab2c7-1fa3-4d1f-a158-4f8871be94c3,Sports,9
4d15f7d8-0261-487a-a15c-159aaf8ca888,Music,0
231d260b-b362-4d55-9b0a-da0b9f6facc1,Debate Club,6
1d2fed2a-485f-4888-9e23-da4b9e21741f,Art,3
85ece729-d4dd-4b56-8353-91b2c72850c1,Music,1
7f111a36-8c52-4271-8a16-7e18290e3e89,Debate Club,6
abf0263e-0343-4b64-80b3-700f3c088990,Debate Club,3
170fa87b-f30e-44fe-a62e-55597e7d9a19,None,0
3b2d520b-a4f3-4185-8182-2509e79f9f3d,Sports,0
2cb941fc-d02c-45f9-998d-13a40cd20e43,Drama,5
bd10f87c-6d0e-4597-900d-92a7ad409244,Art,8
a9d1a28e-236d-4176-9a1c-96ae0279e2ab,Music,10
e0e3c5ce-44af-4cb7-9f2e-befcf480b91e,None,0
f659f188-6676-4c75-a699-5af51d24181c,Sports,2
a61acd8e-6bf7-440f-8cc6-2fed7a6e43d0,Art,10
f1458426-fb48-4ded-8f03-7337b9f6143b,Debate Club,0
adab2c2f-91a6-46da-8d61-39887b90942f,Sports,4
af390a9d-dcd1-4413-8760-801f9c81fc46,Sports,5
1ce97871-7cf5-4d5f-ab9f-33cb7bab1baa,Debate Club,8
b45e9463-032a-49e0-9071-e5f0a7ac590c,None,0
fa575cea-3957-4344-90a4-a421b9493906,Sports,5
1861c9f3-9e44-498c-b359-390eb0309aaf,Sports,9
62874624-a433-4510-ad21-b4cca9e8f0d8,Music,3
a4b5c723-02fb-4869-8df8-0b899ce7eed1,Debate Club,8
132a5e58-2a57-4880-9e92-05ea7eef09ab,None,0
39034b65-81c6-4eeb-8ce3-c8c847354e4f,Drama,3
cd1f75a3-71b6-4ca1-b587-3920142e3df0,Sports,4
7f53dc0a-fb0d-4cda-9e63-926150e96888,Sports,8
000b1f5e-8c91-4d13-8ea0-2346092c4801,None,0
82226c16-e3de-4ec0-8dfa-21bea335b2c8,Art,9
0de4faf4-d347-44cc-9d04-032d57423882,Art,10
791f49f6-9996-4612-9ea8-7552c47566bf,Debate Club,10
38c46b38-a8ae-47b9-8262-cad018f1a1e4,None,0
85a0d089-8c35-4321-8abf-6f5cccc7147f,Sports,10
b783e1d5-d264-44b9-a3f4-7a557e0f60b2,Sports,8
ee22a70b-1ee9-4260-b002-d8313227e8d8,Sports,7
1b968925-5682-4038-b77f-69b930c9c51f,Debate Club,10
c5ab4e57-1f8b-4af1-96bc-532dac117bab,Music,6
7fb33be5-f6bf-4f72-a277-8161811317a8,Music,9
7ba16dd7-95ca-488d-96bc-a7126ecca931,Music,3
bb01b2a5-2c74-4800-941c-23fab11af726,Art,6
810d5c57-5264-4a59-a1f8-5b339b2d5a2a,None,0
460a6125-3f8c-43d4-832a-fc4ab148b2a6,Debate Club,5
69a9aff9-235f-43d5-a224-a806ce072a52,None,0
dc57546d-8c3d-431a-b395-2193d7d3b9d9,Drama,8
9fc97264-35af-4b2d-b36d-778637a3c30a,Art,10
a66c0fa1-b5dc-4a9a-bb38-cd9121f6c63d,Sports,3
1d8b32d9-b5d9-4d36-9287-964da30a6658,Debate Club,7
6adfd568-b5ca-4993-aaca-d101f1530f68,Debate Club,1
ceed0ffc-6c21-435d-98e8-b97ce0a25901,Debate Club,3
332cce0a-0e7d-4698-ab95-c72f0d95aaf5,Music,7
d6e1ba00-257c-44bc-8024-c424aef2ab2f,Drama,1
d06405a8-5bd2-4cb1-8845-3b2f8a8a4105,Sports,6
be0ec2da-396c-457b-9d66-40718fd7b1a1,None,0
49a2afde-b235-4a3c-8c7f-9517cbfd4a31,None,0
f9cf8499-c9c1-4d45-b4ea-6b976aa415b5,Debate Club,9
9edd2182-33fd-462d-8057-e470be6127a8,Sports,2
b4629214-a23f-467d-a957-2bc239bd8bd6,Art,0
c6b18d94-324b-4c3d-9a77-91a2bd0b0fa2,Debate Club,0
2fddb26a-1310-4665-aec2-bb19fbc398d8,Art,4
8e7d3f5a-4773-466a-adb2-b0200a670143,Debate Club,5
b5ae329d-7761-4d80-949f-c34c0171f5a7,Art,0
eeb093fe-c60e-44d5-8d04-dcb698cd2655,Debate Club,4
5bab7f4a-8cd7-4c27-929a-f586ca376c36,Music,9
11740357-8546-4426-af12-0b9ef4fd25b7,Art,1
38a06ffe-5972-48c5-9789-be6367465743,Debate Club,6
c0ae0b1a-f347-4736-b7ec-07a64b27b079,Art,6
0240f59a-a638-4854-bb2b-8b80c08bd674,Music,3
9f027cbf-eb29-4912-9d1b-83dfa46b6fce,Sports,10
f1eab64a-cbd4-41cc-aa7a-8c2161a1a29c,None,0
d275bd43-8451-4303-a94d-4fbe06531d47,Sports,10
e5f5c891-4be3-48a8-8b39-dccf7c9f3bc3,None,0
f4ce8477-f8bc-49ac-aada-62ce189099c9,Debate Club,0
c6097cd8-a127-4c6b-ab9b-153d35f5c654,Debate Club,10
b3e6f4c6-d428-4f6c-89aa-429334a0dcd4,Art,10
bf343ca7-1276-4d13-b093-8776d116d014,Art,9
0de4833e-12c0-420c-9667-c51809b2eae6,Art,9
4236c0bf-e936-4a85-ba46-fbe3d255a4de,Art,6
ac5d4e57-63b6-44f4-8452-f77950ffde64,Sports,5
95ea6825-bef6-459a-8186-a221103056b7,Sports,9
c971bf51-4a32-4b22-9b2b-b2ec80b9ec30,None,0
65262474-61a4-41ff-b00b-8b43ed3b9d13,Drama,3
641816b7-bf2b-43b4-a2e9-e52738491ecc,Drama,4
ad62d094-4c4d-4e40-a4e2-226ca250d133,Drama,5
f3102525-f517-4e72-9f85-7b21a5df6f85,Sports,10
98be5ff0-929d-4f9f-8149-a2af0ab1a504,Drama,1
e74ed0b3-bdce-435f-bf90-5d6a35c606b5,Art,0
29344e15-2477-4047-8336-a758d9f93502,Sports,3
ccb68571-abc5-4545-ae6d-7a041d57e734,Drama,5
761579e7-8c81-41b4-be8b-4ccbfd75a5f3,Art,1
b9c037aa-3289-458b-9923-cafc402d105b,Music,5
199c8d94-3c0a-484e-a7cd-13cbabda06b2,None,0
9dc89e1a-540e-4d01-b35d-88f37c6166df,Debate Club,9
50fb35b0-cec5-4969-9d4f-7107911ddc79,Sports,10
bd64987e-b652-4e99-b8b5-e89ac921057c,Music,0
e0bd202c-54e1-4f3a-bba4-1ae0adf8f767,Art,2
2cff45f8-1bdc-44a9-8d3a-5d767caa281b,Art,1
89e2df24-e42c-4aea-a3d7-263dd391d017,Music,7
04c4f46a-e461-4160-934d-695aba388c8f,Drama,8
970c9eb4-c4ea-4ece-a7b6-e4679432d797,Music,10
78dbcde3-8a28-4792-bfac-a645e4dc4306,None,0
bbb4c0ce-96f0-4335-85ab-48dae4354021,Music,6
808e08d2-5d26-4b1b-a593-b659172e8c68,Art,2
2a74b90c-af25-47f5-9d31-762afb5abb36,Music,10
a8cf4f62-90d9-470c-b2de-c75c90fcc9f1,Drama,4
38048786-0a58-443c-9bda-0655f06dca24,Drama,10
34ef2552-ab28-4d09-8af5-7e603be8a5df,Drama,10
0be3534a-e1ad-440c-b463-835eeafb9f20,Debate Club,5
d463c183-a231-4211-8578-b1c6f7ebc69a,Music,10
a75743f9-606c-42f5-ac81-6bf091f60406,Sports,1
6057153a-4067-4790-8444-050413ed280a,Art,6
7ca2f582-5854-49d9-9e22-dc3fd1366db1,Sports,2
2a6524af-709d-438b-a393-6d45e1ccff0d,Music,9
5cbaa496-2848-4240-afd9-0ce1267627ca,Debate Club,5
b862acc3-5489-4c37-8fa9-026b6a241f46,Music,9
d5576899-a5b2-47ea-a947-6f54973e129c,None,0
a1298fa2-227d-4660-a93f-c26697a418b8,Drama,2
2e16f0b6-ec25-4a75-821d-4dca2a955908,Music,9
b8344070-e0e5-46e5-84c4-4853a33b3dfd,Sports,9
fe268e77-9b45-47e0-b2fe-fdc23772aa97,Debate Club,8
cb6bf562-2488-484d-99d0-90fd6928043e,Sports,8
b9644e4f-2aef-4f3b-83b7-a0ef82c41c54,Drama,0
62ada157-60d2-459a-bad5-1382119fb03e,Drama,10
6b77af9e-af32-4af8-811d-b4afe8ca7483,Debate Club,0
09fe4cdd-998d-45ba-9d60-22c5e6cfcbd8,Art,4
215d3b1f-a8cd-444d-bb74-244017db4c2f,Drama,8
a6340d1a-adb6-40f4-865d-e86ef00f63ef,None,0
3abf9c65-6dd0-43f3-87a2-0e22b298b811,Music,8
bdcbfffc-cdfb-44e9-96cb-dafb59bb8900,Sports,10
7a25ed81-4128-47eb-a246-29cd6cecdf82,Sports,8
689d1205-8b31-44d8-a073-c1d09929afeb,Art,0
1e2a03f1-85c5-4910-93f6-f72301d23a76,Art,0
5cbdb682-68aa-4236-90de-ef43cde5c35a,Sports,10
6c6e8796-893e-4b89-9adf-c49942e4bf01,None,0
69c9520f-3425-449c-8145-d6ba65bf8e04,Art,5
40f7924b-7bd7-44bf-8e0e-abb78f20c5e7,None,0
a8c6c2df-dd23-4f41-9ae1-35862358755c,Sports,0
36e6ba85-19ab-4c15-a96b-67bff301bb6c,Music,5
b4f02f6f-af3f-4d9a-b272-5aa79d30c42e,None,0
25343e85-d2c0-4ec2-9751-94d7cdeb2696,None,0
147d7bfc-5eef-4d1e-b8c5-ef5e4359ff43,Sports,0
85609e8a-a7fb-4997-9d2c-d9446690a951,Music,8
a3ea21a2-2cde-4187-91fa-82a6c60b340c,None,0
089a9f4f-31da-4817-8937-b90f84a5b18b,Art,8
093b4d72-ac8c-4caf-ab63-3b189d7d1756,None,0
c798a445-46a3-4c71-bf2f-6883163b5481,Art,2
bca726eb-03ef-4f77-848a-c92433478a91,Drama,10
ea3e072a-8f22-4604-946b-7756b9e439ef,Sports,8
31cc6738-f68a-49b7-9b3a-a1d139ee80ab,Drama,1
1b414999-8198-41f5-a839-f98f2ccf1472,Drama,7
f4eae769-8366-4189-8d8d-9f751df44d3e,None,0
f74f6900-7159-4914-b1b6-8ecd400945ce,Music,8
75771730-c68d-44b2-b613-bda056f401e5,Art,3
114b3c79-4200-49f5-9dc3-c26e7b62659e,None,0
50d3ba03-ccd7-408f-badc-b38cb38046ef,Art,2
3f8dcf96-436a-42bb-9509-8e07b368d836,Art,4
ee6ffbea-8df7-4647-9376-9ff9578cd875,Music,2
f2765513-2eca-4629-84e2-269192ded495,Drama,5
bc45144a-3c1f-4ff0-b31d-58bbbcb3636d,Sports,10
9e5c5dcd-d61a-480a-bfec-0a37d5bea8dc,Sports,10
a9d6290d-f4ad-4a22-ad02-05f51417c2f9,None,0
9ee4105d-5f06-4c76-bb77-7e71d91738f8,Music,6
7da56b6e-4654-477d-9e67-a2789313b3a7,Sports,0
93a05478-c00b-49de-b8db-128d65db6e43,Art,4
80a23721-0856-4684-8a6f-c4b3f08d312e,None,0
b2c027e8-1ed0-42e9-b9fc-6034750acc98,Drama,3
94bcf47a-6122-4189-b5f3-de4aac9204b4,Music,0
3cb526d7-434a-430e-8c6e-a6ad2fe938e4,Art,3
35e574e0-6c87-4546-bfaf-64582f14f777,Sports,5
2e0d3860-7362-49b7-8795-cd1d668d3c8b,Sports,8
451b6267-b887-4caf-9991-103fd06eccbc,Debate Club,7
f58ab7c7-cccf-4130-a556-03d4323132fa,None,0
fedd22d9-226c-4c6a-bfe5-a4b66be8c756,Art,1
4ccf0a4b-7c93-443e-890b-945450d3802d,Music,8
0f5e8b47-29d0-4613-b0c7-700219566990,Art,10
55ac0d06-be9d-4951-b329-af6e18a73d94,None,0
0513eda8-5819-43cc-81f9-994acf5d337f,Debate Club,8
936dd1a8-93ac-400e-b2ee-eb389b0707e5,Art,9
ac565da6-5339-4df4-9ae8-6d1848dc1e26,Debate Club,8
49599bed-9d19-41a5-a18d-de71141283fb,None,0
565f1491-edb6-4b81-8ec6-8cfea3fd17f0,Art,8
2978cc73-1440-4dec-9243-9b0fe835f080,None,0
a5076897-9afa-4267-8479-1214b5def807,Music,1
96405fcd-bf76-4449-9cf8-5eebf0533851,Music,9
ba4f4b03-2002-4d9f-85e9-f407daada0b1,Art,10
2abaa4f9-35e8-4364-947f-1f67bfeef19d,Music,3
06bfd9c4-0dc7-4104-8c66-27667922b440,Art,1
27c00f89-9e3b-41b3-8330-125c1a9b0d42,None,0
48bfb602-bcd2-48eb-bf55-60cd3ab7127e,Drama,1
a9de5b26-08ff-4ab0-8750-72d62bacf712,None,0
8a63b93c-def3-406a-b998-63f27799fddb,Sports,7
2d5245f4-8a0e-4018-b297-69b2f2cffcae,Debate Club,8
86017633-6f5a-4d52-9061-498fe096521e,Art,6
ce015413-3a25-46fe-8a27-b0b07b4d8646,Drama,9
00060d5a-02b3-4948-8db6-f47527dd1ac4,Art,1
022111e5-88fc-4da1-b81d-5b6c49694032,None,0
6e310234-c410-4108-8256-83894cb34663,Sports,5
69678586-3046-4008-9fa7-20128c57a277,Music,8
63c4e76d-a55f-4725-bcb3-c168b7062cfa,Music,5
c3b8c80f-8440-4e98-bd53-ec43a0152b5b,Drama,0
be3074f8-a601-47c3-88e0-95024598f3c8,Sports,2
4a22eae9-22f9-4afe-aeb2-3ca31186da93,Music,2
3012f819-7df3-4378-9f6c-cab4b3522c18,Drama,3
1a2e9864-f8ea-4a36-af99-9b2a05aa5eab,Art,2
269334ef-1717-4654-bb99-78150219a9c7,Sports,0
ff7a884d-7f96-4d35-8ca9-9089c9254bb5,Drama,6
f39ef1be-c025-43ea-97f2-a67814898025,Sports,2
3133839e-2e7d-452b-b85b-8a078b0ea0b9,Art,2
c4a531cd-f97f-4994-9f38-df55033ac4d6,None,0
08942176-fe99-4f69-bcd4-99753f46057b,Sports,5
790b185c-355c-4a9c-bb6b-f1dcaa7f7e06,Drama,8
0accb23c-ba6d-4ed8-a110-e887289ac251,Music,0
32df8d45-4c7f-43bb-a376-0c2d7b31dcdc,Music,5
a206527c-3c68-41d6-9ce8-e12ff9287d26,Debate Club,10
ca0553a2-6553-415f-9ea1-5b0f95aeb18b,Drama,0
98a15e4f-b03b-4934-b9ab-56d1b0d515ab,Art,9
9e5f8273-af9a-4168-9766-17957ffab493,None,0
a502dc4b-5b03-44d8-8f4d-6c400f5f9707,Sports,8
fb4f1972-5115-47ee-bb90-908e7ce34563,None,0
31662c94-bbb2-4366-b04f-e1a8e44cbd41,Music,2
7c3cc2bc-0a1b-4bd3-a60e-c813402da0fa,Sports,9
2fc6c4e6-9113-4d7e-b095-26217d76ab58,None,0
ea1af7d2-9943-46bb-94d3-53a5de1f1619,Art,8
436adb9d-d1c5-4a00-8bb1-3407730ad7de,Debate Club,8
2f7f2cd7-bbd0-4e6c-a108-ffcc8186722b,Debate Club,0
b893b08a-5219-4216-bd21-1daf9ec5405d,None,0
7f5f61aa-aee7-47a5-8629-6fbe309b48dd,Sports,5
1c4760a5-5270-4b29-a412-47a268e8f311,Music,5
df9d3910-2dbb-45bd-a138-e2e6f013a170,Art,2
d617b9c0-a449-464f-922d-dab608252b39,Debate Club,1
5dc96097-0c90-4028-8185-300d971df5fd,None,0
7dccc026-a7df-40b2-b56f-dc0aebc8f6b7,Sports,9
8eda6433-5c65-465c-8f8a-0c2ca3900bc0,Music,5
d2da43ec-0eec-4013-b55b-eaaacb53f0be,Debate Club,9
f1d188b9-13f3-4289-8dcc-b05dd59ef0fd,Music,2
30807a5d-62a5-4eec-881a-f04f3b23feed,None,0
bfcb3388-8ef4-474b-adcc-4095f28f9444,Drama,0
756eb67d-acab-4b69-9ba3-7cb59399ad15,Debate Club,2
66cc7376-8cca-4963-ae2e-77a4cadec379,Sports,1
5a31e916-eefb-4a24-b169-3ed5999413cc,None,0
c3a1962d-698f-446d-9f29-0290d8485a54,Music,4
36c3fe85-8bae-495e-902a-405c3d9ffe59,Music,9
728f5897-73d0-46c7-b62e-cf885c29850b,Art,8
84820c08-042c-45ad-9883-e9b148d3d2ce,Art,2
db107e7f-36fe-40b4-b8cd-9122fc0145e1,None,0
8dbcde5a-eb4a-4de6-86a5-2064d284b528,Music,8
5b0c4170-75da-4bbe-89a9-161a18233383,None,0
cfa28fb8-4199-422e-bba5-81263ff69f41,Sports,0
b93c92d5-13c3-4b5d-bbf8-da9137a9f824,Art,0
9383f86d-b3ed-46ed-b089-4de4e6267164,Debate Club,5
93875413-ceef-4261-bb15-02ea09912f46,Art,10
d13032db-e13a-44ca-9911-f42e559a8f54,Music,6
a71c8948-bf67-4e42-ba0a-2b59c5384872,Art,5
4e0648d0-0ddb-445b-a1ea-aa65a1d770ea,Drama,3
388629ff-b2a0-4778-809d-644453ab3cce,Sports,9
985a9548-c0ba-42a4-b213-e7ccf89617fa,Music,5
21d72432-25e4-4403-a4f2-502ec94f6ed3,Debate Club,8
15c7bc83-4336-4fe5-a631-66a78c53b74c,None,0
8f2e08d3-7b1d-4ca3-a286-e3f8c31496ea,Art,2
bc54b8c1-ff40-4dcc-9db1-f7f98fa8ae34,Debate Club,2
ec94503e-af4a-4cdd-92cb-1ae06e18c9b3,Debate Club,8
521be8c2-30c3-4f8a-992a-b43d5d822e3a,Debate Club,9
9dc0a8b5-5987-438a-bcd6-c18e2b54500d,Sports,3
d173b70b-ec99-4c80-8b7d-185670c23600,Art,1
1cc464ed-15f7-4f61-9a4e-c04cba7e1b86,Sports,1
d1f44c8d-d51b-4974-9e66-8dd025ce2a21,Art,3
05d2d205-789f-4d96-b337-3c2f4e1c3762,None,0
4237692a-c017-466e-85f4-c0a28be27516,Drama,6
04b51c12-ab13-4032-b2e1-9f66b1f02ea8,Sports,1
48b51c88-0f63-4f4a-ab9a-118e4165964c,Drama,4
0222305d-f1f7-4605-a79e-36267707ac0e,Music,4
dd419a67-5c37-4254-a8fc-5690e9b1c4a1,Drama,9
6175a257-fad3-444c-bb2d-ddc962f32fae,Drama,10
88145bde-98db-4732-9de4-d1947c12d198,Drama,4
05804493-b664-4199-ad25-459e8f8937fa,None,0
28317f0d-be90-43fb-a4b5-d9a57d6c3d2a,Art,6
fa6e3743-fef9-4d57-bc77-ea4a4d654036,None,0
e3f16406-631d-4c8b-a0f0-fe7941f74651,Debate Club,10
a82cae18-6491-482b-a5ad-481d577f4c16,Music,1
a0226155-df69-4d17-9cc9-6aedad9112c5,Drama,10
e8e46b31-4ff8-4111-b875-1fd46d2ccf42,None,0
8a962a11-94be-4d9f-a379-c05fa7087280,None,0
86181db2-e60d-4a94-b483-d162b043a39a,None,0
eedb0ce5-a7fe-4dcd-a528-b516c521ff2e,Art,1
1e4ea133-b82d-40de-b2d7-8d5388702ae7,Music,10
e15052f3-5195-4000-83f3-8c8c078c3875,Sports,1
e4e5b5b0-d25a-4576-af0b-743ebee04762,Drama,9
2f4b8be8-21ac-4db5-9b55-5f6d301c6abf,Drama,2
3b1d0181-9cc3-41f5-9129-bc759b08e5a8,Music,2
7a029a6d-c7a2-4171-b02a-06ee14588063,Art,3
da252795-2f19-4516-9fbb-cda5a64a1fe8,Debate Club,9
c3b8d179-6899-4c84-8840-323439ed0800,Drama,6
fcfd8547-abdc-40da-be0b-bddd38f95001,Sports,9
ddfc2a92-7074-4eb3-bc52-17ccf4672866,Art,1
67a55936-6d74-4a0b-bf2d-39c8e338e579,Music,0
9c8b9550-64e7-4f9a-901a-0ccfb85f164b,Debate Club,9
c9739495-b440-4852-a033-500ea43262b3,Music,8
feef21f8-e0b6-4f90-8adb-c4ffe0b55615,Drama,7
8420e0d8-632c-417e-8ec5-7d470a0c64e5,Art,3
4df742ae-e267-412b-a5e5-f13f70869a45,Debate Club,1
0df6c527-eb45-4c38-9cf6-5e334b5f174b,Art,5
b8ff615c-1727-40fa-b3a2-7c7ba566e884,Drama,10
22a37556-8be1-4610-b234-8948e4f2ae4c,Music,2
b66f3507-e588-4999-971e-ea3974246baa,Debate Club,10
e83bcc84-a609-4ad0-b114-64aa52f69081,Sports,5
730bc657-b4cb-4613-9d39-e9c217584f23,None,0
82fc9294-f9a6-4522-8a83-5709ba146757,None,0
e98965f2-2bbf-4e35-84ac-b57d0b3d6dc9,None,0
2dca365a-2504-4d28-9e6a-e4592980f6ff,Art,2
723dfacd-f601-4005-84c4-f69fbaebe15d,Drama,5
9f601d17-00e7-4824-b3ee-16e7f5defeba,Debate Club,7
0178de26-ceb5-47ac-8b22-e4457fa70485,Drama,6
68ffae17-7428-4491-b9c8-42cba8d3110e,Sports,1
9ea8fcb1-4732-48c9-8c1e-9464e1d5c0dc,Art,4
a73d2746-0e18-4b96-a5f4-1dd62f51ac6e,Drama,1
4c66aa4d-9a70-4a8a-9688-1d3e93fde248,Sports,2
ac0e1f71-294d-43ed-ada1-afdafe656dcc,Debate Club,7
2d6b5953-8fea-484e-898c-fd4892811c92,Drama,1
4c9e903a-c4bd-438e-97d7-1fc0092cd030,Music,4
8cebac57-d7e3-43cf-ad65-1847c2294116,Sports,6
86eced99-5447-4290-8640-4b2adc0228af,Debate Club,9
bacf7cfc-9245-4cc4-9bfb-3b3d0ee52f63,Art,3
ef13864b-9ad2-4b72-b04b-a584b95cec2d,Debate Club,6
86800a0b-4279-4490-9105-64f9d90949aa,Sports,2
850b7073-7f13-4e67-9008-cdc99d421bae,None,0
b565f64e-3b93-453f-9c02-040de237c877,Debate Club,4
1e30614f-cbf6-4a23-a01e-31f57702beba,None,0
557368cf-0ba5-4050-a9fe-99a96a25542e,Debate Club,1
4818b004-b0a4-4557-b381-001fa3ff8fd2,Sports,10
0191d19d-c45c-4fbb-92ec-ac278ccc617e,Art,7
07743c94-f5c9-4459-9db1-bd5e91a4d796,Music,0
ea89a979-7aa6-46ea-ac27-3009ec1a86d3,Debate Club,0
e45def26-75eb-4e8f-a090-360d27c7655a,Art,8
be1a070f-ed83-44c8-a9f8-d3e4d06d3943,Drama,4
892fca69-8e20-47e1-90c4-cb4bad9e5c1e,None,0
5a853cd8-cbb8-4be0-a355-e636ea8b31f5,None,0
a06303ca-600f-479c-bbce-708756d2b14d,Music,0
dd56030e-1de9-47a2-985e-7e892ff8107a,Art,10
69f35b2d-4580-4ac2-8818-c965b5b81351,Music,5
3754f16f-4d79-432c-b362-d408d4575305,Drama,10
e9d18ec2-33bc-48a9-871d-45640992b886,Drama,3
30b1b67b-2771-4422-8003-8f26e7ab2ef7,Music,4
24aefbea-53cc-4b95-8689-58364f73ab1c,Debate Club,8
21f9c072-fe22-4ba1-ad3d-581e84222f58,None,0
010d583f-1da7-4d69-85b8-64d4dd643387,Art,2
77852ddb-5552-4a3c-964a-9b18df3334c6,Music,2
93daf60d-05c1-4422-8ffe-bdfdbedcacb7,Sports,5
46d28109-495c-4ac8-b14a-abdd33579b27,Debate Club,8
460d113d-2851-48be-a639-e21445ccaa93,Debate Club,3
59ae7302-8ae3-497e-b4e2-41421a354475,Sports,3
3eacdb28-92f7-4993-8884-3b5bcdd3214c,Music,7
214c87b1-0cfc-4420-b192-e4438a6342ca,Art,10
6d2cdbf9-160b-4ed4-8dc5-d42e6233960a,Sports,6
b3099e0d-b0ac-4677-960f-8680a124fdb2,Music,2
abbe274a-c226-4b53-b680-873b32b9c542,Drama,1
21bd55eb-915a-43c0-b737-cfb5c3b1927b,Music,0
af39f2ce-4f75-445a-b4a1-2a0d18e63a55,Debate Club,9
dc70ce22-24ca-41b8-b94a-97fdf28bf846,Art,5
aa4946f4-ead1-4758-b319-f18d2ef03a1b,Art,0
79af8348-10bb-460d-87bf-63ee7ccd3dc0,None,0
9abc9859-593e-4c83-8497-d0a8484204d5,Drama,5
536c32d0-1b63-405f-8bf8-5149b6da99cd,None,0
69d75427-972d-4d57-a69b-e896760272ba,Music,4
57390b03-10e9-4dce-a241-cba37b7ce7cc,Sports,6
c98e3f5b-9134-40b7-af73-573bfaeebacd,Debate Club,6
ee4d0dec-bd47-4885-93f0-e33fab6b3f08,Drama,5
8e1a3a51-534b-4a86-b681-2ad798986758,None,0
1bd6b03d-9927-439b-91d1-ce5067e2189b,Drama,7
a9008ecd-a51e-41ad-be8a-207853d106cb,Music,6
a2d999ba-c146-4d52-a73b-c91394ad345a,Sports,1
63d5e750-4a9f-450e-8800-61b673f621a8,Debate Club,4
91fda27f-4cbb-4460-910c-8c48e09ef2a3,None,0
fb8a61eb-b7c1-4a4c-af4a-454fefca07ae,None,0
67797b58-82ab-43a0-bc86-21109c8aa872,Drama,9
0d99c071-f7c8-435f-8c83-bc68e6ace59a,Sports,3
dd9d2e4d-483e-4d69-9c7a-bd161c153057,Sports,4
61fe800a-b636-4c4c-9170-ca8aa00e0b60,Sports,6
302fa247-239a-446d-b991-2c512c649adf,Art,4
ff594778-49d9-4a08-a77e-0fbc6acff20f,Sports,5
b8a9b014-24dc-4a07-8405-6d2ba5fcd671,None,0
a46a07c2-2320-4e16-95ac-80e422c23308,Music,2
6cfaf2dd-ee28-4ccd-9abb-e46bb2051cec,None,0
5af56a23-627c-49f7-b336-3302d1f03374,Debate Club,2
3c9ba542-bb1d-43a8-98c8-23b07f8736f1,Debate Club,9
fa6d81ee-0890-4506-9df1-bf6f938bd3f8,Sports,4
b0c46ddc-f634-41f8-bb45-bd9c948c7eb4,Sports,4
c764032e-c026-47d1-bbd1-b0c0dbfe679a,Sports,8
78f2961c-3ec7-4a8f-96a4-6b839c2d9672,Debate Club,6
cc502a89-8a08-440e-a239-5ad5af1f798c,Drama,0
7807c947-02c2-4367-874d-8df088f7f097,Drama,10
f5e8a7e1-5a58-4b67-abc7-b63554de19cd,Debate Club,1
bfda55c9-98fe-44f3-ac40-d95ab1eedf64,Music,9
2b48c6e6-9401-4dfe-b921-0c7ca119ceee,Art,2
496cc03a-06fd-41e6-9fd3-3d40bcc4f0db,Music,2
47edc6dd-9da4-4c0f-a1ee-0f6c408669bb,Drama,3
977e3f2c-e8fe-4095-acb3-7e239a940c6c,Art,8
b365fb7c-c853-4c55-82e1-73022ce6f908,Music,3
159b558b-fbec-4ed8-97c4-e2c308789ef0,Art,0
fe5b9fc9-c0b4-46d6-bef6-775bd66de2a1,Art,1
35fab528-2ad3-436f-a338-17fab9db1388,Drama,0
