Student_ID,Mathematics,English Language,Civic Education,Economics,CRS/Islam,Physics,Chemistry,Biology,Geography,Computer Science,Government,Commerce,Literature,History,Accounting
ccf3a171-56dc-4907-ba6c-34ab6712303a,7,83,22,11,15,78.0,66.0,99.0,72.0,62.0,,,,,
310c0c00-3fa7-4104-9bf9-0e27dc96925e,36,55,49,45,59,,,,,,14.0,94.0,23.0,72.0,35.0
23e2fcb4-72d8-467d-894a-05e430b187ef,66,57,72,43,48,,,,,,17.0,94.0,42.0,48.0,74.0
766ecb15-474e-4c19-aef9-12766c006f61,4,32,84,28,41,,,,,,79.0,27.0,66.0,12.0,17.0
134c6c92-ec5b-427c-9fde-4fbf3ff350bf,53,14,52,63,98,63.0,81.0,8.0,41.0,67.0,,,,,
db20a56e-dc81-4fe7-8eda-8bbb71710434,41,50,54,54,8,85.0,64.0,70.0,88.0,92.0,,,,,
a6f2f7b8-0cf3-4b58-9910-8be58ce21ea3,66,43,72,48,71,,,,,,2.0,47.0,43.0,31.0,68.0
03c72ba8-d605-4770-8a63-f881ffd0f9d5,25,89,37,6,99,81.0,95.0,74.0,75.0,90.0,,,,,
c0e9ab30-ed26-42e9-97e0-11b7f8102383,36,20,55,7,94,,,,,,80.0,27.0,21.0,25.0,74.0
680ac07a-2a93-4d62-bc83-5dc0d9441fa5,7,53,86,93,11,50.0,95.0,46.0,26.0,24.0,,,,,
dd59ba71-36b8-4481-bb3a-4e3e7c52fa17,98,29,7,20,2,,,,,,5.0,11.0,7.0,61.0,44.0
2a25a888-0f02-4ad0-a706-7ef466aa9385,23,41,85,27,54,,,,,,81.0,34.0,21.0,15.0,99.0
63f2ae24-fc3d-4348-808d-4127610461e3,2,57,1,47,76,22.0,95.0,60.0,22.0,41.0,,,,,
c8fe3ccd-c8b8-49c6-ad30-49cf43e458fc,24,37,94,73,20,4.0,48.0,100.0,69.0,30.0,,,,,
b253d218-6c4a-47ea-8906-17f2747b6dba,9,54,91,19,17,40.0,66.0,12.0,82.0,87.0,,,,,
c88a618e-fed4-457d-bb02-6576f512c4c3,64,84,8,54,69,63.0,55.0,12.0,84.0,13.0,,,,,
7c967f79-b7e9-4aca-a970-65e18e46d534,25,92,8,48,87,,,,,,4.0,66.0,20.0,34.0,72.0
37bb3eec-4bf5-4b52-b09d-258c27a0c3d7,52,13,22,13,46,,,,,,65.0,95.0,49.0,96.0,30.0
bc594585-9445-48c0-8ef8-c2d6f7fd5646,66,32,46,24,74,,,,,,82.0,95.0,90.0,74.0,53.0
504867ba-bf7b-439b-8f9a-ea4b8acd4e10,24,69,72,12,39,68.0,4.0,1.0,42.0,22.0,,,,,
7a0ecfea-958c-49ba-8cd6-20c20ea2622b,65,39,65,72,13,,,,,,100.0,62.0,61.0,82.0,38.0
87f7e1fb-da4b-49ca-ab5c-f46780bacd64,77,89,28,100,41,7.0,51.0,66.0,93.0,45.0,,,,,
82010c62-f5f5-4b22-8e8f-a8e0284d82e5,100,73,53,95,75,,,,,,84.0,18.0,25.0,18.0,16.0
118a9d29-2f92-4996-99f1-95d014822f53,5,45,53,36,94,,,,,,8.0,91.0,66.0,33.0,48.0
dca02eec-acda-4acc-9165-e21098543881,90,70,50,29,36,100.0,38.0,8.0,97.0,49.0,,,,,
f10c718b-1eb0-438a-a75d-d5af3c365296,50,87,32,39,97,,,,,,32.0,90.0,54.0,68.0,72.0
94340a03-3f07-4814-91d6-3f78e3e9de99,88,84,12,90,66,6.0,56.0,62.0,59.0,49.0,,,,,
14fcdd54-9e8f-4965-8a2c-827e98326856,44,85,50,20,38,68.0,10.0,36.0,7.0,2.0,,,,,
90b2b633-956b-4c0c-a849-9b926b5252e3,98,86,26,51,50,,,,,,22.0,80.0,9.0,60.0,4.0
42c18a62-ef48-48d5-90fd-9d3f85d51695,85,19,62,41,64,100.0,45.0,97.0,93.0,67.0,,,,,
506e5a9a-b758-488d-ab73-295b344a54b8,82,76,92,8,76,45.0,47.0,57.0,96.0,67.0,,,,,
21813d25-6552-48a6-83ff-50113d1a85dd,0,11,40,61,23,,,,,,30.0,21.0,42.0,58.0,14.0
750cab75-4ccc-4bc2-a53f-8a28abf3e3fc,72,45,60,99,100,16.0,70.0,49.0,44.0,30.0,,,,,
ef8c485b-c07a-40f2-add4-253b50f0fd0a,41,80,68,21,71,,,,,,38.0,0.0,72.0,4.0,75.0
9f044aed-7552-4327-8262-7f7312922f83,55,99,84,72,40,,,,,,49.0,42.0,61.0,82.0,55.0
19985f15-ff00-4d4d-9020-59e4ff9ab5c2,20,53,11,55,90,58.0,35.0,21.0,87.0,95.0,,,,,
8181a8cc-3691-47eb-89a2-688b12c136e0,72,93,2,86,10,,,,,,90.0,29.0,40.0,3.0,83.0
5958a499-eeea-463e-a1e8-ac6843e42caf,29,67,12,44,18,,,,,,79.0,58.0,60.0,3.0,45.0
3e896c64-e117-4ac3-919c-4ea3e1805081,12,37,76,9,73,,,,,,54.0,5.0,67.0,55.0,83.0
702cdd20-2862-48b8-88f4-ef125e9953d2,67,74,14,41,84,2.0,87.0,34.0,82.0,97.0,,,,,
4d71c366-b41b-4143-8b10-550cd5704f32,35,5,84,36,81,,,,,,61.0,23.0,48.0,58.0,30.0
ce9e1a11-fcbb-4e59-bbdd-cf7c9c96e9ec,46,93,71,47,90,58.0,12.0,59.0,11.0,92.0,,,,,
aaf91531-0200-41f0-8768-a84fa76afde6,54,62,38,7,77,2.0,78.0,80.0,55.0,60.0,,,,,
ee87905e-4ca4-45ea-8dfa-6a56d12dbc9a,16,1,65,87,18,24.0,52.0,44.0,8.0,3.0,,,,,
e0ccedc5-f05d-476e-9a84-a51aa9d3d7c7,73,0,0,40,27,,,,,,8.0,38.0,25.0,83.0,90.0
e3c43657-1d8c-4bac-83b4-09ef2260e70f,12,89,0,25,18,18.0,59.0,92.0,93.0,64.0,,,,,
27cb6f2a-8da0-4097-be0f-051b1b66b5a9,4,4,47,51,79,23.0,74.0,62.0,33.0,47.0,,,,,
35ebd32d-9ad6-40ab-8821-2ddb45b89cd9,96,15,51,49,31,,,,,,76.0,17.0,3.0,25.0,40.0
afffcfd2-341e-440b-97c7-00aab7b56ea7,19,54,91,94,54,55.0,87.0,29.0,65.0,49.0,,,,,
81627cf1-4394-42e6-9a58-7e8aa25d6b29,7,41,75,85,80,84.0,0.0,42.0,2.0,78.0,,,,,
e87d1c78-e7c4-41c7-8049-7b717d106c60,75,57,66,33,29,,,,,,25.0,83.0,17.0,56.0,7.0
a2607723-17a0-4f49-8d01-280fd89a40c0,38,24,66,40,49,,,,,,6.0,22.0,56.0,60.0,21.0
0b49452d-46d4-43f3-9450-281c6c6f7633,96,42,17,62,59,,,,,,98.0,49.0,30.0,7.0,66.0
217d65a0-c568-41cd-9563-f61600e85ece,17,41,73,74,6,,,,,,15.0,18.0,1.0,94.0,48.0
295d6fbf-430f-401d-bad4-09e2a319dcb4,90,28,57,23,2,,,,,,71.0,21.0,62.0,90.0,1.0
b4a69f3c-8d3a-4d99-b11c-21c9bdc14f1f,17,0,1,48,59,,,,,,10.0,34.0,49.0,57.0,69.0
1ca3c448-0279-46a6-8f97-97b06d7ce3c9,41,1,44,71,53,78.0,99.0,7.0,27.0,95.0,,,,,
b0e6a969-e213-42b0-b1ee-dba313432e61,44,9,49,24,49,,,,,,97.0,47.0,5.0,26.0,85.0
093923de-8bab-4e3b-a628-6bfbe767dcea,98,24,58,6,98,23.0,43.0,80.0,84.0,4.0,,,,,
8d7248e2-951f-48d0-9e84-f058d5a804eb,69,78,41,97,76,,,,,,37.0,7.0,63.0,81.0,60.0
0ab54bde-20a0-4502-ae06-809725e97977,11,2,72,74,76,22.0,57.0,74.0,9.0,88.0,,,,,
eededb07-e623-4689-9d59-cd2a4eea04e7,70,95,57,37,7,34.0,11.0,82.0,6.0,6.0,,,,,
0a368ce7-dc57-4131-b8e1-daa7cbceabde,86,28,61,13,19,26.0,88.0,34.0,76.0,66.0,,,,,
ae9bec36-35c7-436c-9b99-62c6e61fecc0,70,11,27,97,62,,,,,,41.0,28.0,7.0,32.0,47.0
5a8aaeca-1a50-4ec3-aabc-25fa3fe12e47,30,7,32,85,54,35.0,16.0,56.0,70.0,47.0,,,,,
dfed2c43-e256-46dc-8f54-86b7c7b5b2bc,24,3,8,18,33,9.0,46.0,92.0,72.0,55.0,,,,,
bfddc3d9-9ee3-4c2a-b94d-62046808593f,26,56,18,39,74,2.0,33.0,22.0,54.0,77.0,,,,,
3c9ad14c-ee0c-4eb5-acfe-db992790cebd,32,86,16,7,14,71.0,81.0,39.0,56.0,86.0,,,,,
ccc56569-f9e8-4369-a999-b735dd56cc94,38,59,55,59,97,84.0,10.0,57.0,16.0,48.0,,,,,
698c206f-e1a4-4e10-ad53-4dd0cf8ebc5a,30,28,9,12,46,31.0,79.0,33.0,70.0,5.0,,,,,
ecab3301-bc8f-4d29-adea-94930658663a,51,92,5,73,72,,,,,,48.0,29.0,11.0,45.0,60.0
696608aa-ee49-4329-884a-7b28550a1b46,19,82,82,12,41,,,,,,51.0,28.0,22.0,17.0,57.0
bc2cbb0d-dd33-4cc7-ab7f-089acd5f4822,18,55,42,31,47,62.0,91.0,66.0,80.0,70.0,,,,,
28c13091-444d-410b-bf87-e362cf8d446a,20,72,39,70,35,,,,,,34.0,0.0,34.0,63.0,75.0
61ee411a-1bac-47a7-b386-f7a4c991603f,1,13,42,32,84,89.0,50.0,43.0,46.0,30.0,,,,,
787f2425-dbcc-4477-89e9-db0adf465290,96,24,83,75,2,,,,,,36.0,53.0,34.0,72.0,46.0
eb1fa9f2-d10b-41d0-b317-347038f16a81,4,14,80,81,68,17.0,14.0,54.0,86.0,63.0,,,,,
d20eac17-4e20-4d1a-9983-36e375d66ed4,10,98,96,35,71,28.0,33.0,20.0,24.0,27.0,,,,,
39118497-3a43-42ba-9f0f-06cbcb9bc326,95,92,17,58,22,,,,,,51.0,32.0,28.0,86.0,14.0
6601ddd0-3170-4437-a8f7-ef5a060edf5b,5,13,6,73,19,32.0,20.0,65.0,97.0,2.0,,,,,
11c58ef0-dd46-4c09-8752-87aa5408f9ac,42,17,9,33,100,33.0,93.0,35.0,36.0,98.0,,,,,
59e4b671-4774-4c58-85f8-bc16f7860b50,12,23,61,82,33,,,,,,72.0,57.0,85.0,33.0,55.0
adf4e62d-6651-429e-8268-690ba43825b5,100,35,73,47,55,9.0,54.0,46.0,41.0,69.0,,,,,
54c63cd8-8945-4f27-97fa-2d8dfb2ca025,80,45,60,14,21,94.0,43.0,29.0,42.0,23.0,,,,,
e08596db-1d87-4966-8710-d430f071d879,78,4,61,5,56,9.0,49.0,8.0,94.0,41.0,,,,,
94a1875d-2db6-4edb-82de-ffccf86c2ca2,43,92,88,25,31,,,,,,44.0,30.0,85.0,44.0,83.0
09cb3942-43f5-4a85-bbc9-f87af668a617,53,89,89,97,23,,,,,,90.0,29.0,81.0,39.0,22.0
587ef344-6f3f-420c-98b8-e4cc1bc044fc,68,42,77,1,34,,,,,,58.0,77.0,15.0,99.0,32.0
6fb78271-504d-481f-8953-5b63ba81edd9,91,33,68,6,0,11.0,59.0,83.0,43.0,93.0,,,,,
1d9af659-82ec-4f2d-bbf6-e16f9b3080d5,24,33,32,25,94,,,,,,11.0,86.0,51.0,18.0,45.0
30a900ad-939b-462d-a645-f129629c2ae3,60,35,37,2,68,76.0,19.0,47.0,56.0,58.0,,,,,
6fa17735-b572-43d0-8b5c-ea6a41357e8c,76,25,94,13,52,61.0,28.0,12.0,25.0,9.0,,,,,
ce777f00-ecf2-4e76-8519-7ff4006ed6e3,40,32,30,20,19,,,,,,25.0,53.0,60.0,80.0,74.0
f0b5156b-b82c-4074-afd5-dea589d7fd6c,97,6,42,25,29,21.0,2.0,32.0,33.0,81.0,,,,,
3270e4fa-abae-4f43-bcae-8081bdf070aa,8,69,89,25,71,,,,,,11.0,10.0,19.0,80.0,37.0
f2e9702d-11e9-4daa-ae69-81a35d3d9e56,75,53,96,32,38,20.0,92.0,22.0,6.0,57.0,,,,,
9f871ce7-5487-4d4f-abb7-a385aa0b7b14,68,83,78,98,73,,,,,,16.0,74.0,40.0,45.0,7.0
1fe771d6-d917-4793-a9d3-c2e6505cc686,90,59,89,58,90,95.0,2.0,96.0,22.0,4.0,,,,,
81d2c7de-4ce1-4b90-a669-7833b841d0a0,33,14,61,9,87,67.0,30.0,2.0,70.0,92.0,,,,,
5380b904-688c-4015-aab9-7e494f2d4796,25,7,20,56,66,,,,,,57.0,29.0,100.0,90.0,53.0
8dedf9fb-4bb0-4f20-b27c-40266703b636,23,9,38,86,19,35.0,25.0,54.0,69.0,18.0,,,,,
aa38d0a1-6ba2-4efe-b11c-6eb62095eef6,2,35,24,43,24,60.0,49.0,15.0,70.0,53.0,,,,,
bf85bf0e-ad64-456c-a10f-aa3ff0bbac67,18,56,18,33,33,,,,,,43.0,63.0,19.0,38.0,85.0
91b0e1d9-9d92-42af-ac8d-0e44e71e43a6,76,100,98,32,0,1.0,21.0,59.0,5.0,61.0,,,,,
d56f0350-8c45-4ce2-a7f4-8ad54d0b0d1a,92,83,20,12,7,,,,,,42.0,84.0,12.0,87.0,80.0
35ce8841-4973-4d6c-8dca-bfb7001a9a8b,5,39,74,97,80,49.0,80.0,78.0,99.0,15.0,,,,,
9b4e2c24-9479-41e6-8927-7d9b6e0d2648,57,32,56,85,68,,,,,,81.0,10.0,12.0,32.0,93.0
7118e364-7709-4749-927e-ecfaa79ac9aa,83,68,45,14,47,,,,,,99.0,34.0,53.0,7.0,91.0
82dc4c8e-36b5-429a-acf5-e81e71316269,82,77,54,72,94,34.0,37.0,39.0,41.0,46.0,,,,,
f5b78cc7-e6b3-4944-8b32-3e357922bac2,30,44,81,28,3,,,,,,99.0,99.0,30.0,58.0,91.0
a8aa7158-2b70-4525-bc67-f831cbc84759,35,44,63,86,94,22.0,59.0,83.0,92.0,48.0,,,,,
a9f25336-83f4-49a9-88a6-39d015b52908,33,97,23,34,21,36.0,69.0,57.0,91.0,72.0,,,,,
17e8392a-55ce-45db-9e87-e04ca2086977,62,16,69,88,57,63.0,54.0,5.0,15.0,61.0,,,,,
3c20592f-c04a-46c4-b3b6-3fe1d1843324,49,67,71,97,12,75.0,40.0,9.0,100.0,59.0,,,,,
ce7ae7f6-3982-4cff-8f77-a665ac3c5640,67,27,54,24,52,69.0,38.0,13.0,78.0,24.0,,,,,
0bd4a990-0640-4e0f-a5b8-fd4b32fa2de8,15,85,23,12,56,,,,,,49.0,46.0,11.0,21.0,99.0
9c7c7377-79a2-4903-bbe3-3b243eae0032,49,45,17,63,42,91.0,6.0,58.0,1.0,67.0,,,,,
74962764-12a4-4ef0-84bb-b7a9d98868dd,93,6,28,50,91,80.0,92.0,83.0,19.0,29.0,,,,,
935f2b0a-a138-4ddc-a2d9-de5d6a18ce4c,44,33,83,43,67,85.0,92.0,48.0,48.0,93.0,,,,,
624c69b6-b244-45a7-b7e5-848131c681ec,26,61,40,65,61,,,,,,89.0,98.0,52.0,65.0,14.0
25c73c44-3e75-43b4-a64f-a6637e8f8095,51,44,56,57,71,61.0,60.0,98.0,30.0,39.0,,,,,
e4855aa1-016b-4287-b008-05cca7f36ae9,74,29,12,39,80,75.0,20.0,59.0,27.0,35.0,,,,,
e2add909-c521-4f2d-9c45-d539c03f3538,89,13,79,20,80,71.0,76.0,55.0,29.0,73.0,,,,,
3805f907-6cd6-4193-8746-8f591b494e15,43,75,49,67,73,,,,,,66.0,45.0,74.0,67.0,66.0
b227462c-f53d-4330-8dda-24ba2d06e8cf,68,3,77,96,46,29.0,59.0,86.0,87.0,77.0,,,,,
8eb22579-0cdb-4ca4-b6ec-bdd68498e113,95,0,89,67,98,51.0,57.0,20.0,34.0,63.0,,,,,
1f115b76-d92c-4227-aadf-50853fcb7546,36,58,36,46,72,,,,,,7.0,44.0,8.0,31.0,69.0
76f2dbfe-cd29-436f-a222-82e174daaebf,42,77,87,52,49,98.0,48.0,54.0,74.0,90.0,,,,,
8f15ba58-fce6-4504-87f8-424daae65fc1,0,81,61,74,37,,,,,,16.0,39.0,65.0,98.0,23.0
c1581092-f335-4ba3-913a-7052986f9025,3,51,58,45,100,30.0,96.0,75.0,97.0,3.0,,,,,
d0a44432-9cd6-4852-b14c-7df4e4347d51,47,61,19,85,21,,,,,,10.0,42.0,71.0,63.0,14.0
6d3ee1dc-8139-4443-a45b-712eb8225688,46,83,68,35,37,,,,,,77.0,51.0,76.0,75.0,77.0
722764e6-8c41-461b-a827-a1b9d4a02e53,95,24,31,87,47,13.0,31.0,94.0,86.0,97.0,,,,,
dc8aee30-be60-43f7-a8be-9288e5af6e39,15,8,75,67,75,52.0,25.0,18.0,15.0,76.0,,,,,
c074718e-425a-409f-b337-c59979844388,66,92,96,92,54,72.0,62.0,12.0,47.0,76.0,,,,,
46fde062-a33d-47af-9701-410d3f4b1a70,45,77,23,10,92,47.0,61.0,47.0,26.0,18.0,,,,,
7c0e8cd8-8573-4793-8715-b2b9c40c5d91,31,94,91,79,0,47.0,17.0,83.0,35.0,62.0,,,,,
709b7d97-464c-44af-bd3f-3799a07295e9,94,15,60,51,53,,,,,,23.0,32.0,49.0,83.0,69.0
3c07c574-4925-4af1-b6aa-e05b13d5f2f7,75,97,11,13,0,,,,,,15.0,64.0,47.0,6.0,8.0
e49d681d-51d8-4c64-95fa-1ab8458f1f19,47,86,28,25,9,60.0,82.0,9.0,84.0,10.0,,,,,
269cd696-236c-4b87-94a0-bccb8a476a87,34,53,50,89,17,99.0,78.0,46.0,68.0,31.0,,,,,
271e3ee2-b1a6-41f1-a20e-99d33b33f3d8,9,47,24,3,78,2.0,96.0,47.0,22.0,47.0,,,,,
6a34c854-1071-4d51-b6c5-9dacb4d7e28e,99,49,69,31,59,,,,,,10.0,53.0,75.0,13.0,27.0
7746d0ba-8ae8-405b-94b4-a48268586eba,5,1,92,48,48,,,,,,67.0,86.0,40.0,77.0,41.0
d5385b0e-34f3-493c-8ff0-a55c6a702e2f,98,22,17,77,89,,,,,,61.0,99.0,70.0,12.0,72.0
c51155ff-e7a3-4e81-a3b4-c08b6b8e869f,79,93,46,48,64,,,,,,70.0,51.0,78.0,11.0,52.0
05000bc6-b20d-4b6e-b231-1f1795863a76,17,89,18,12,45,81.0,55.0,7.0,47.0,99.0,,,,,
9360715f-c3fe-4183-a172-b725db52ca58,69,40,21,42,55,,,,,,8.0,41.0,66.0,95.0,37.0
f1578470-0182-47c4-ba1b-58066160a6b4,6,45,79,47,74,45.0,1.0,49.0,40.0,7.0,,,,,
63d62a39-c0e3-4efd-8c71-e0fe5a0cdd7c,40,11,51,57,36,,,,,,11.0,16.0,56.0,46.0,94.0
d5f25073-f414-42b1-a442-9ebbda7b9095,25,80,44,88,78,59.0,12.0,32.0,13.0,82.0,,,,,
bc10fa52-bf5d-4fdf-89c8-d2ab6b44fa8d,61,100,62,33,63,,,,,,42.0,83.0,95.0,80.0,6.0
e5d6f6e6-9a6e-42f5-8cc4-29038bcf53a1,25,16,2,26,35,41.0,50.0,66.0,69.0,35.0,,,,,
45df16b6-382c-443f-bcfc-9b793875394c,6,77,88,24,17,,,,,,21.0,24.0,29.0,25.0,33.0
638c254c-076e-4bba-bc53-08bf6f92f25e,18,17,70,49,39,69.0,70.0,71.0,38.0,47.0,,,,,
cc530e36-addc-4e13-ab3b-4d37560c95ee,96,98,18,72,67,26.0,91.0,38.0,45.0,17.0,,,,,
d72b6108-2a40-4f12-b963-f37f67814c1f,95,50,7,80,83,51.0,62.0,53.0,32.0,15.0,,,,,
fb10987f-20ac-4703-ab67-146a77a6e17c,96,55,67,28,18,24.0,39.0,44.0,80.0,25.0,,,,,
e82c7d7b-06e7-45f9-88bc-539c9f4c3b79,84,77,73,57,9,28.0,94.0,70.0,9.0,55.0,,,,,
a9ba5a27-907b-4e36-9786-48f864de82e6,64,78,51,53,72,86.0,33.0,48.0,70.0,55.0,,,,,
6db99102-a48b-4dbe-957d-94a106f028ff,57,50,39,50,67,,,,,,30.0,83.0,2.0,97.0,64.0
2e85cb21-7631-4e9d-9de9-f86322bd3388,0,45,47,87,66,,,,,,86.0,1.0,8.0,6.0,86.0
53cd6268-610c-4373-8299-9aa40cdf742b,63,56,23,96,5,27.0,17.0,6.0,57.0,70.0,,,,,
56666f9f-53ac-4ab9-b467-2cd9362f5e5c,12,24,76,32,2,29.0,12.0,61.0,3.0,36.0,,,,,
473bd358-610e-4a64-a130-1617c2dff335,35,23,51,79,58,90.0,83.0,3.0,77.0,72.0,,,,,
6bebac31-d4f8-4d72-b382-1cfdc083b73a,21,66,41,37,18,,,,,,62.0,27.0,12.0,39.0,27.0
78660765-14f7-4e8d-95bc-b8d04094dded,54,73,24,26,13,54.0,42.0,30.0,86.0,61.0,,,,,
0d557b61-8a17-4dfe-bfc0-0dc804f64d86,88,77,79,58,94,,,,,,0.0,57.0,59.0,64.0,23.0
39669fa7-5997-4043-b3b1-025bfff9f585,81,79,17,34,88,18.0,62.0,55.0,30.0,70.0,,,,,
f510ab53-c7fe-439f-9190-f938a66fd7f7,7,97,60,47,93,,,,,,60.0,36.0,59.0,47.0,67.0
07f194f9-c115-4d6d-8a4e-5b70a6d964a3,6,7,50,32,9,,,,,,8.0,39.0,4.0,20.0,15.0
d6d7b3b8-3309-4d35-bf4d-f561f319c125,28,55,24,68,23,54.0,26.0,40.0,90.0,67.0,,,,,
3d114802-2702-478b-9f0f-da8d05379ff6,29,82,66,32,59,,,,,,75.0,44.0,40.0,18.0,24.0
1d48a071-ab61-47b1-b93b-4c3220500494,100,79,63,34,5,,,,,,12.0,41.0,15.0,64.0,89.0
770c7798-37cc-463b-b2a0-345990604f62,27,99,100,32,65,79.0,46.0,78.0,80.0,30.0,,,,,
5e6fea07-c453-4f1d-8199-2fdfb31022f0,34,24,10,13,37,0.0,48.0,36.0,84.0,16.0,,,,,
f6b751f7-9b74-4245-9b1b-c8952af43ab7,70,23,43,41,8,,,,,,86.0,96.0,58.0,70.0,47.0
c71d5e60-1d52-46ab-b7e6-427cbf780e3f,77,79,24,48,31,40.0,70.0,26.0,32.0,69.0,,,,,
4fa03f26-f6f7-40cc-a9ec-8e49d1bdb8c0,27,16,90,44,68,28.0,78.0,48.0,20.0,79.0,,,,,
edcb8cb6-0692-4c63-9424-aed51bac5c15,83,48,53,93,5,17.0,70.0,86.0,89.0,36.0,,,,,
e87466d7-ad66-41bd-9367-6a024fdc6e1b,41,25,83,23,33,36.0,23.0,48.0,76.0,5.0,,,,,
f1043785-658b-4523-a014-1de9f54ad0a2,71,87,59,54,6,89.0,16.0,99.0,1.0,41.0,,,,,
9793b9b4-1374-4146-b2c5-bd89b70b3420,9,50,8,53,45,,,,,,74.0,9.0,20.0,21.0,64.0
3e2b6091-a092-452a-94a0-57a7b0cc1b3b,46,3,89,45,97,,,,,,97.0,82.0,41.0,16.0,5.0
4d3485c5-c5c1-4eb4-b27b-3d901a16342c,39,17,67,21,44,37.0,68.0,47.0,85.0,86.0,,,,,
ce3714af-99b4-4350-af2b-99b4d9acd158,14,54,23,69,14,,,,,,12.0,89.0,58.0,98.0,23.0
90e0f4a0-fbdd-4933-8bd5-8bf61efd76e9,50,40,46,54,35,56.0,25.0,8.0,76.0,46.0,,,,,
8861fe18-58e2-4888-8a83-81bec85aca46,78,61,68,94,75,84.0,11.0,72.0,88.0,96.0,,,,,
11a72609-5edd-4bbf-a959-76636daa2e68,82,64,63,69,39,97.0,8.0,87.0,26.0,34.0,,,,,
033d2bce-575a-4d2c-a5c5-650c8186a576,79,31,13,24,96,,,,,,90.0,29.0,41.0,29.0,89.0
7d7ddbed-d284-476c-ab88-f83dd97dc9cd,33,93,23,21,83,,,,,,21.0,73.0,65.0,13.0,19.0
5cb85aed-f5f6-4c97-aefb-63b11b049863,54,85,52,18,63,43.0,91.0,40.0,55.0,82.0,,,,,
75b17a55-d426-4982-a43e-4288a2b5b498,84,52,84,54,63,91.0,87.0,40.0,65.0,20.0,,,,,
2d174fc9-6f7c-45ea-a72a-6d8eb5122df8,2,86,48,93,70,,,,,,98.0,47.0,61.0,68.0,74.0
a6846099-f729-4951-8591-31d2bbda0242,74,65,74,12,11,54.0,60.0,38.0,2.0,100.0,,,,,
eb6c1016-cee6-44d0-9dac-6e8345241ea6,70,76,97,17,19,5.0,77.0,81.0,13.0,26.0,,,,,
7701f7bb-7bc6-4e1f-864e-e6e389c5b31a,6,37,21,73,34,,,,,,81.0,2.0,54.0,57.0,88.0
97ac6aa8-bb24-48a3-9363-57b66f81cf4f,12,74,41,24,57,6.0,19.0,8.0,67.0,22.0,,,,,
3ed8c56c-da09-4fa0-9282-8d8044b591f7,31,55,44,15,65,,,,,,28.0,66.0,43.0,83.0,36.0
4767d76c-162f-4a24-af43-613cd4aac9a3,74,92,8,18,32,,,,,,77.0,11.0,2.0,36.0,23.0
c01f36bf-3e6d-458b-b367-c28de1b294de,14,99,95,10,64,,,,,,17.0,51.0,61.0,35.0,33.0
ab0e664e-9c3e-42d5-91e1-aa9676f72255,72,18,28,91,83,,,,,,83.0,46.0,18.0,44.0,57.0
7e8adee7-0758-4201-961e-16d16105716b,10,36,16,2,41,13.0,41.0,87.0,71.0,50.0,,,,,
7cd0129d-2e8d-4e87-9334-20e6d9d80b8d,17,39,57,41,77,76.0,18.0,31.0,61.0,47.0,,,,,
4223623b-cc3e-4dde-9ad5-cf06364d7c87,81,8,90,50,7,,,,,,99.0,22.0,7.0,95.0,13.0
989d9d4a-e15c-4666-8797-b2c957207246,36,32,48,66,23,,,,,,56.0,86.0,60.0,37.0,48.0
8e485223-46b9-4991-a14e-b70db380c73a,86,60,97,22,57,5.0,55.0,21.0,63.0,91.0,,,,,
30e912f2-f2b4-4abf-8441-aefd0299436a,33,94,72,0,66,36.0,25.0,62.0,23.0,87.0,,,,,
680bac63-b856-4035-bdc9-829015eabb27,85,9,87,76,62,,,,,,35.0,53.0,18.0,63.0,50.0
3d85de89-c217-4429-8e20-07247d137018,51,28,45,45,4,75.0,87.0,33.0,73.0,21.0,,,,,
b63b4dc3-a559-4463-b9e1-3ceab0cbc61f,88,1,23,99,3,88.0,79.0,19.0,62.0,73.0,,,,,
046a0df5-cafd-4613-b2bb-912d7da67785,70,42,47,5,76,39.0,22.0,46.0,65.0,16.0,,,,,
6786d506-38ba-4abc-8b53-05e517d2582e,95,19,28,1,79,70.0,76.0,77.0,48.0,53.0,,,,,
a9f948b2-4e63-44bb-be49-3f43b118f68d,43,86,59,27,91,,,,,,60.0,39.0,33.0,97.0,16.0
8db06746-7927-4973-9e78-1fd794e0d3ba,45,95,17,40,2,,,,,,5.0,70.0,90.0,53.0,82.0
ff233d5f-6ced-415d-9800-7c0287ea7ff5,40,41,91,81,10,,,,,,15.0,62.0,39.0,75.0,37.0
5a104129-54ae-4d1b-8ce6-424dbef59fe6,55,74,75,13,54,39.0,100.0,68.0,23.0,30.0,,,,,
4e7ed827-455a-4762-b428-a656b3ee4d3b,83,1,78,98,33,,,,,,0.0,83.0,41.0,78.0,15.0
b8a6171f-1ee3-4dc4-bb04-8a8b405bfdc9,48,70,50,32,56,,,,,,83.0,36.0,22.0,34.0,87.0
be2d740a-1e9b-43bc-90c7-c006314d3441,28,58,75,48,64,,,,,,17.0,90.0,17.0,15.0,60.0
b0ae8f08-c31e-4bbc-b36c-b62b892e6161,14,93,29,25,31,,,,,,31.0,18.0,91.0,22.0,2.0
bd1531c8-3764-4bda-b108-d4482f65fafa,96,94,1,72,3,86.0,0.0,40.0,84.0,12.0,,,,,
96ef2ad6-b97e-4703-86c8-adfe7bf47042,6,62,16,27,15,,,,,,11.0,2.0,45.0,46.0,12.0
98c7472a-864e-4a13-829c-fc0cfa02eaec,87,93,99,70,4,,,,,,68.0,3.0,16.0,57.0,19.0
d52721e7-19bc-443e-bb02-bebb48729a4d,34,35,53,8,13,97.0,43.0,98.0,100.0,26.0,,,,,
5c62b3a2-3a3c-463e-8bd6-cee631b1b099,68,82,68,3,24,,,,,,81.0,19.0,31.0,25.0,5.0
b540b30e-039f-4a25-8d61-68bd2defe193,46,18,27,71,83,19.0,70.0,9.0,23.0,38.0,,,,,
0ba6eab9-4639-447b-a067-bdac88bd13d1,87,83,0,77,49,,,,,,88.0,4.0,23.0,35.0,72.0
4ac9778d-8da8-4ee4-8df5-6ac6f96b648a,68,24,23,62,24,,,,,,79.0,5.0,7.0,72.0,72.0
a34b6cf6-2053-4a42-b1af-db65b289f224,16,24,43,65,94,,,,,,24.0,96.0,54.0,1.0,46.0
1a432f0a-7daa-49f0-80b6-fce2de53790a,52,81,10,29,64,87.0,79.0,30.0,66.0,91.0,,,,,
48ca7651-92f5-4f7b-8323-d342df6a8f93,12,34,40,24,3,,,,,,73.0,22.0,29.0,28.0,22.0
5738811d-70c2-403f-ba8d-03aa782a65e0,87,90,61,94,50,,,,,,56.0,46.0,53.0,67.0,52.0
40a26c60-0d27-4659-b72a-da9b2f32751e,31,9,66,57,42,84.0,95.0,49.0,24.0,50.0,,,,,
1d34d08e-7a4c-45d4-9c99-e04cf0e98b3b,25,10,37,41,50,4.0,42.0,39.0,81.0,42.0,,,,,
7de31a51-6694-4343-90ba-58e3d2762bdc,79,23,10,9,82,77.0,38.0,44.0,88.0,65.0,,,,,
afbb411a-a123-4a8c-93b7-a88612f70c97,66,89,74,33,51,,,,,,46.0,69.0,66.0,79.0,74.0
cfa701cd-2631-400b-a6d7-94d30db95301,73,36,13,35,30,84.0,71.0,86.0,96.0,2.0,,,,,
15ce6a66-4dc8-4a1e-b2f9-e5fa90164161,31,33,57,46,24,,,,,,68.0,78.0,4.0,12.0,43.0
8edddfcd-1e52-4770-bf89-7142fe716b14,65,62,2,12,68,45.0,75.0,27.0,16.0,16.0,,,,,
989bc4da-9b37-422b-aa8a-616fc3b290d0,58,51,69,92,32,2.0,86.0,84.0,35.0,14.0,,,,,
c693da11-39c6-41ca-9e50-aa42ca6dfda1,82,9,97,13,11,21.0,47.0,42.0,86.0,59.0,,,,,
e893be3d-7354-4a6f-a160-745985c7504b,68,30,22,77,80,,,,,,27.0,22.0,28.0,11.0,50.0
96a9954f-dc33-41f9-8c1f-55ab715629ee,35,64,52,23,12,20.0,98.0,98.0,42.0,21.0,,,,,
9191b363-4e2d-4645-adc7-cac7fd72b050,6,4,34,66,14,68.0,8.0,65.0,15.0,95.0,,,,,
f5c9b047-9c10-4572-8f6b-40d09efba58b,36,25,39,88,55,,,,,,94.0,73.0,95.0,21.0,19.0
c342bd2b-f295-456e-9967-5f06bd767e35,32,32,59,66,95,,,,,,53.0,72.0,45.0,40.0,80.0
43bfd931-3605-4f54-a021-c0ca3531968d,92,88,54,32,100,,,,,,45.0,97.0,41.0,35.0,70.0
3d67cde9-2834-44c0-94c8-b3b4a911d192,90,27,43,83,7,,,,,,13.0,5.0,15.0,89.0,18.0
2812859a-1337-439e-8d4f-5d272c7f0b79,62,75,89,34,29,,,,,,58.0,40.0,90.0,17.0,27.0
b07aa066-7354-45ea-a894-9b8d00af5b3a,12,66,27,28,81,74.0,96.0,78.0,93.0,71.0,,,,,
085b15fb-4a8f-4810-b84c-2f29980402a2,65,77,75,55,98,,,,,,76.0,3.0,31.0,83.0,43.0
48603b32-b4fb-4eb9-89c1-3de73b4206c5,70,12,96,45,16,,,,,,45.0,13.0,66.0,49.0,38.0
1238d630-743b-45a2-9c0f-2fcfb3f6fe0d,83,13,0,77,33,,,,,,16.0,10.0,58.0,42.0,40.0
43b9da13-ec85-4f37-bbc1-a987aff8754d,58,11,46,35,55,,,,,,35.0,74.0,19.0,43.0,85.0
96fc734d-a003-4d28-8a8f-3653c9af18f8,64,20,82,12,6,9.0,24.0,51.0,82.0,96.0,,,,,
32a447b2-ef04-457d-8dcc-c33aa9434aa0,58,65,50,43,78,91.0,57.0,99.0,48.0,40.0,,,,,
398d1ca6-8b68-40b5-9d61-fac36cd5e859,3,63,89,50,92,,,,,,66.0,57.0,39.0,1.0,89.0
44007d5a-e88d-4719-a624-2b40a5cb63a2,96,38,7,14,48,,,,,,36.0,72.0,72.0,9.0,93.0
0f44704f-1247-4a4e-a469-98e8d39e198b,60,52,0,76,47,94.0,21.0,62.0,50.0,27.0,,,,,
9854ce4e-4ebf-45c3-8ae9-b4a72a79ea68,76,73,0,84,56,,,,,,91.0,77.0,67.0,40.0,45.0
ebd34616-91b7-4d8e-9301-6989bfbbb17f,95,72,53,36,31,19.0,31.0,68.0,7.0,90.0,,,,,
77fc9703-1fd5-4423-b06c-5c5649e2623d,9,90,25,77,81,19.0,16.0,79.0,37.0,79.0,,,,,
670acc5c-b321-4f21-8dd8-eb85b04d3376,92,34,9,13,38,,,,,,7.0,23.0,35.0,44.0,67.0
8a3c3b5e-801e-41da-85b1-ed25f1533ae8,3,62,68,3,97,,,,,,85.0,80.0,37.0,66.0,49.0
9918ee46-1497-4658-b010-f7197e695d0d,19,43,20,20,47,17.0,58.0,19.0,35.0,38.0,,,,,
bc0a6a5d-6e99-4e3e-a3b1-37fc0a3450fc,90,60,75,85,30,44.0,6.0,91.0,22.0,60.0,,,,,
069f14f1-4018-4c6e-9a8c-fa3c5283aac7,43,90,97,67,48,78.0,84.0,25.0,17.0,40.0,,,,,
ac9ed156-f63f-4e41-ba9a-ca5e176132ed,36,12,86,97,30,,,,,,94.0,39.0,75.0,39.0,83.0
964db03f-9340-4fad-9c4a-d56bd6016237,25,86,8,19,16,,,,,,8.0,60.0,69.0,33.0,73.0
c3c75611-ffe3-4a49-854f-92fff366bad4,65,73,67,65,24,38.0,42.0,17.0,34.0,62.0,,,,,
9384ec2b-44fe-4cae-9248-a9a7ac1aa554,63,33,0,88,68,,,,,,32.0,73.0,63.0,5.0,95.0
2cd94cbb-c19a-458c-835b-1c8c0a4c9f7f,62,66,30,53,58,,,,,,63.0,60.0,61.0,40.0,32.0
7135f221-a6c9-437f-84da-d06a7872bdeb,36,36,91,61,71,30.0,98.0,78.0,12.0,62.0,,,,,
ff37d19c-2e76-428b-8735-44f9ea83bf00,10,96,5,10,92,,,,,,19.0,31.0,1.0,95.0,16.0
d0725b5c-a281-4044-af96-288295d82980,84,57,87,21,29,,,,,,28.0,66.0,80.0,41.0,85.0
785299f4-175b-498d-b814-01027de1bdfe,62,65,85,16,87,34.0,92.0,78.0,50.0,32.0,,,,,
5230dfbd-5553-42fe-a889-803e5913f9d3,29,55,33,21,23,49.0,29.0,92.0,2.0,90.0,,,,,
292bd156-db94-4570-9ac7-0ec0ab8ddeb4,44,2,33,97,13,54.0,62.0,73.0,90.0,84.0,,,,,
7ed70ed7-b194-490b-a961-929e546e035a,50,100,18,94,57,,,,,,33.0,62.0,49.0,96.0,67.0
668409e3-f1f8-443e-a99f-131849c8a43f,83,34,92,58,94,31.0,26.0,56.0,13.0,57.0,,,,,
0964fbbf-8cd3-41b0-82b0-1cfdd045dd1c,57,58,31,98,1,26.0,94.0,90.0,71.0,32.0,,,,,
409d3602-5084-4242-968b-1625746f7891,81,6,44,52,42,54.0,35.0,22.0,68.0,22.0,,,,,
c5c5b37a-f85e-46a1-9dad-09b252c21221,50,26,0,95,94,,,,,,47.0,64.0,45.0,78.0,46.0
d32e6dcd-83bc-4478-9d6a-c7b86778043b,49,83,14,34,90,,,,,,98.0,50.0,21.0,15.0,37.0
de8ede0b-a85c-4e4a-804b-6fabfcf56188,26,76,98,83,14,,,,,,22.0,78.0,84.0,5.0,99.0
0de051a6-69ca-47d2-b644-14fd8ae769ed,87,33,4,10,91,49.0,15.0,15.0,21.0,40.0,,,,,
9f64eeed-5c9d-427d-84b8-71bb300568d2,53,63,22,92,55,77.0,14.0,18.0,78.0,88.0,,,,,
71299889-a01a-4992-bf9d-3e64c1a6423b,87,13,66,34,88,42.0,87.0,46.0,7.0,86.0,,,,,
445dcc38-341c-4494-8d36-6dfcc28ebd70,81,49,57,4,57,99.0,78.0,90.0,23.0,1.0,,,,,
49bc473f-ed7b-4656-a18a-15368c99a894,25,23,49,34,62,,,,,,35.0,18.0,66.0,93.0,65.0
7c16128d-b2c0-4394-a17f-29e170286046,64,76,69,8,71,,,,,,59.0,99.0,39.0,70.0,28.0
a14923c2-f920-464c-8763-fcd01f15c7b6,67,14,6,84,94,,,,,,66.0,25.0,90.0,1.0,30.0
b5b453ca-3d42-493c-8c9f-d3349bdf0377,51,21,94,43,46,,,,,,6.0,83.0,62.0,97.0,17.0
03802b70-8d03-491e-8f8d-5238288b78b5,10,70,1,30,61,36.0,63.0,99.0,41.0,54.0,,,,,
3985fb62-17dc-4eff-a872-13f98d605936,26,55,41,68,31,53.0,82.0,65.0,80.0,96.0,,,,,
1d0bc9bd-e9b5-45cf-9766-5cdafe049059,36,19,31,95,56,,,,,,12.0,20.0,57.0,39.0,23.0
a5d04d53-1e12-42e3-b272-92b6762172ed,13,5,97,23,66,,,,,,63.0,15.0,34.0,8.0,22.0
eec259dc-7f95-497c-a76a-a6ced50755d9,54,60,23,35,82,,,,,,19.0,70.0,63.0,60.0,57.0
b495db4e-8245-4fb4-8ab7-706eb77350ca,89,26,71,68,67,92.0,45.0,19.0,67.0,41.0,,,,,
7b85179a-d5b0-47e0-aa5d-932b45ff2c83,5,59,77,66,90,,,,,,71.0,23.0,73.0,5.0,59.0
74eff545-3e65-4603-b8e3-654bfaf14ff0,48,32,53,98,48,5.0,56.0,83.0,19.0,42.0,,,,,
30cbd755-6232-417a-a507-41818d1fb540,1,84,95,11,46,,,,,,89.0,35.0,8.0,1.0,12.0
bf0d073d-821c-4336-9970-cf60ebff8d15,46,1,14,9,16,,,,,,74.0,82.0,40.0,91.0,15.0
11df12d7-dd30-4e89-a2f2-35f2e11b868d,40,39,26,18,32,,,,,,79.0,36.0,45.0,53.0,87.0
dabac50d-ca3d-4859-85ce-099c46b82659,0,94,15,20,58,,,,,,51.0,11.0,71.0,23.0,65.0
c9a7d91f-ef2a-4713-9702-10496a39aaa6,72,25,4,58,65,81.0,78.0,42.0,60.0,39.0,,,,,
00a81de9-d20f-47d0-8465-6d6b81fb18b3,24,96,49,80,34,,,,,,15.0,8.0,12.0,7.0,24.0
d664d264-4c6e-47ff-b9de-7a3a486822b9,33,61,13,94,77,87.0,98.0,36.0,79.0,26.0,,,,,
a8f1e091-ffb8-402d-9475-dbc996418ced,68,1,20,96,12,,,,,,56.0,39.0,4.0,17.0,41.0
7250ee18-260a-4962-9d81-b7f57d5911c6,58,34,32,57,16,,,,,,76.0,90.0,32.0,12.0,75.0
551ac8ea-585a-4afa-bbfd-cc1289e06ab3,32,30,17,27,12,,,,,,92.0,43.0,42.0,74.0,19.0
6090d697-8b1e-4b9d-834b-9fbb8d4a75b8,73,26,10,90,97,48.0,6.0,81.0,27.0,89.0,,,,,
de9e3757-5260-401e-aecf-67d2749176f4,49,43,96,72,74,70.0,92.0,12.0,27.0,53.0,,,,,
3d225c30-b28f-41de-bb14-0bc3304b8590,46,57,32,41,13,3.0,17.0,91.0,39.0,17.0,,,,,
db23aa8c-3bca-4f85-a20a-60ac9261549d,51,43,40,34,4,,,,,,71.0,18.0,20.0,56.0,37.0
517400f8-0b2c-482a-a928-8e92c68a152f,15,58,70,47,15,80.0,76.0,68.0,91.0,97.0,,,,,
e9d68f23-b489-4070-b914-f8a8bea4ff31,77,48,86,99,100,,,,,,0.0,20.0,85.0,15.0,19.0
fd08b32c-62d6-4e93-a198-5d54cfb87e6f,53,35,66,34,70,,,,,,84.0,7.0,47.0,84.0,44.0
a6eab79e-d21c-42f8-8ada-4f80a9e782d4,90,89,55,23,84,70.0,22.0,47.0,5.0,15.0,,,,,
f6febc0e-7ecd-4baf-a6f0-5fcffb16e5db,23,16,73,98,25,77.0,50.0,74.0,14.0,74.0,,,,,
f72169bb-8096-4718-a051-acef097a1e10,80,61,21,82,86,,,,,,78.0,49.0,2.0,54.0,79.0
19b17e80-dea4-4e17-94fd-9ad39716108e,34,22,100,74,82,6.0,40.0,90.0,83.0,68.0,,,,,
1986b4b2-70b7-4868-9854-80f0dfcaf0b7,48,59,41,33,68,58.0,16.0,48.0,38.0,97.0,,,,,
03edd1f8-74f9-4d17-a912-b4bf86a4bae4,38,82,22,2,5,,,,,,28.0,38.0,11.0,15.0,99.0
def57689-68f4-4bce-a4e7-5e8eb8f21423,82,78,27,94,38,31.0,23.0,62.0,46.0,95.0,,,,,
1327f1bc-2784-478f-b84f-16b3a79fbfaf,23,56,25,88,50,100.0,12.0,21.0,29.0,74.0,,,,,
43d88870-f81d-4aa1-8812-0a8e78308930,74,73,60,60,66,,,,,,61.0,77.0,5.0,75.0,13.0
65c17795-b155-46bc-9f8d-ed9756abf2f1,67,47,78,9,66,,,,,,40.0,73.0,1.0,8.0,7.0
541cdfcd-da0d-4a5f-948f-8b74a65bb1f2,97,48,61,45,21,,,,,,91.0,83.0,43.0,100.0,43.0
889b78d5-dbfd-497e-aca2-b148da330aa1,59,39,69,25,3,,,,,,59.0,17.0,14.0,100.0,30.0
a075e927-5110-4492-b442-7e0b61484bb3,34,51,83,45,15,8.0,1.0,97.0,52.0,49.0,,,,,
7cea2045-c268-483e-a32f-2e63b7fddd71,10,59,79,37,70,37.0,19.0,21.0,48.0,50.0,,,,,
9e11d2cd-0930-4ef6-8a80-068ddf547e50,85,9,59,80,32,,,,,,28.0,20.0,5.0,80.0,76.0
af34cf65-a193-44b2-bc19-e71d118405ad,99,61,60,27,45,12.0,86.0,80.0,74.0,38.0,,,,,
3a3c8a71-ff57-4e2b-8991-ab9bebc2026f,57,24,33,58,39,1.0,7.0,1.0,23.0,99.0,,,,,
fa745761-6f18-4108-9723-199dbf2c14a0,66,92,24,61,97,57.0,32.0,88.0,20.0,49.0,,,,,
b4323070-a23d-4c2f-82a7-96891933918c,48,100,24,32,3,,,,,,40.0,46.0,52.0,29.0,96.0
2a96e1e2-7194-4ae2-99ba-d7aedf615a5c,76,60,70,8,39,96.0,92.0,18.0,84.0,30.0,,,,,
0769165f-e746-4cb9-8ca9-cf07b1aa0f6a,75,71,25,55,71,94.0,28.0,15.0,79.0,13.0,,,,,
0e5dd462-cbd0-4ef2-930a-37df0bc61066,38,74,40,38,69,,,,,,58.0,40.0,41.0,85.0,100.0
6e417d47-5ff5-45ea-9bc4-40f14b1a269b,94,66,98,10,100,97.0,34.0,85.0,6.0,40.0,,,,,
697c3923-87fa-441a-be83-b91f25440fe0,20,36,60,28,60,,,,,,24.0,84.0,92.0,44.0,49.0
2e183554-cae2-4e66-ae8a-781390e0a95b,58,85,76,35,58,,,,,,33.0,80.0,75.0,38.0,87.0
9c07a751-1437-4509-acd1-586a2b840c67,58,35,93,29,85,,,,,,65.0,3.0,8.0,10.0,55.0
aee1e86b-9ea5-46aa-a1ee-6c5bdeef580f,58,34,56,14,9,,,,,,72.0,38.0,55.0,7.0,55.0
9549c931-e9af-499d-bf67-1eec3da70577,29,96,17,39,63,,,,,,10.0,0.0,98.0,68.0,10.0
a34db7c5-760d-4bbb-bb70-b3a124a35cf2,27,16,83,45,89,92.0,2.0,38.0,76.0,65.0,,,,,
aab612c9-415d-474a-b5a6-69814104a8b5,63,15,8,61,28,52.0,7.0,22.0,42.0,66.0,,,,,
771ad655-cdfc-4ee0-a61e-de900267deb3,32,75,94,34,43,,,,,,53.0,78.0,8.0,12.0,6.0
8beddb12-ad77-482f-89a2-3a89e6b5a92c,13,48,9,7,48,,,,,,58.0,8.0,80.0,0.0,52.0
f1faf665-7115-43f3-92e8-9d1028711733,57,76,77,58,75,3.0,71.0,21.0,61.0,17.0,,,,,
4c955f6a-966b-4964-bcd6-bdca5876fd09,64,9,25,49,43,15.0,23.0,10.0,45.0,94.0,,,,,
b0b862ef-6c9f-42b9-b647-8986a3917c99,63,0,80,0,93,58.0,10.0,74.0,0.0,71.0,,,,,
4d57d880-d865-469a-b4f3-310340066ff2,84,93,46,19,28,37.0,16.0,83.0,60.0,6.0,,,,,
da743152-627b-41a1-bfd6-f23232ffe294,98,73,83,36,93,71.0,52.0,18.0,65.0,12.0,,,,,
61a11729-3cb9-4350-9b4d-a0fe7bb38605,37,17,38,31,79,56.0,90.0,15.0,83.0,56.0,,,,,
4bbe4aff-9326-4ffd-9be4-bf5192698698,66,3,26,35,64,85.0,15.0,12.0,33.0,90.0,,,,,
059dd55d-4b94-4e30-b303-f438fe2110d0,2,17,79,44,15,13.0,78.0,54.0,19.0,3.0,,,,,
6553867d-a881-4fd3-947d-577bfa5a91ca,74,2,2,5,39,39.0,42.0,38.0,94.0,27.0,,,,,
dd750e98-90e0-495f-8212-b554464458b4,30,12,45,59,3,,,,,,20.0,80.0,17.0,92.0,43.0
f93e08d5-bea2-4dfe-873f-6e1baf908e3c,99,67,44,58,61,52.0,67.0,77.0,86.0,5.0,,,,,
bec39a37-9b3d-44bd-a91e-314e0c8e29e3,46,44,63,11,83,,,,,,68.0,82.0,72.0,2.0,39.0
e726be23-e776-4886-9534-ee1d7f2984f5,64,13,94,62,22,,,,,,94.0,47.0,67.0,0.0,12.0
3ae909fe-cc82-48da-8696-f5e64944051b,59,91,27,61,71,,,,,,97.0,16.0,93.0,73.0,37.0
3810ae66-5a31-44cc-8d4b-69a99b689c88,20,57,49,60,22,,,,,,62.0,89.0,1.0,6.0,2.0
402913ec-9ef2-493e-b0ac-7d7ba2f963a3,60,36,35,58,65,,,,,,100.0,99.0,97.0,53.0,35.0
c478f6f1-b88e-4318-816d-83edad81f8bd,48,95,7,7,67,,,,,,15.0,60.0,79.0,48.0,29.0
2303f6c6-d69d-42f1-ae4c-84ffa8c01f05,5,15,11,17,91,18.0,28.0,92.0,44.0,6.0,,,,,
a0a11839-e745-4704-98df-bc3ca0d4de3d,42,14,22,78,98,16.0,17.0,0.0,90.0,28.0,,,,,
c9e26074-4f16-49a0-8a17-991ea5769411,32,16,13,56,80,19.0,6.0,80.0,43.0,42.0,,,,,
5d678bb1-945e-42e4-888a-93ec70d9c9f8,12,96,51,10,22,,,,,,70.0,10.0,63.0,44.0,62.0
e8dd5e5a-1712-4b16-a1a4-344fbb7bee03,90,26,12,64,68,47.0,0.0,79.0,61.0,89.0,,,,,
6a5e6920-bf5a-47e6-93a3-dd5a4b8c5bdc,94,28,58,46,45,80.0,92.0,40.0,8.0,62.0,,,,,
c958e75e-21d5-4971-b367-49b52cf6bf75,75,72,82,47,2,,,,,,99.0,72.0,48.0,16.0,20.0
5da8d6d2-f8b3-4a8b-a05f-b8bc8a16a06c,26,35,29,23,80,9.0,95.0,56.0,87.0,55.0,,,,,
45c45a3e-e9da-484a-8075-9f1f87e5f0fe,18,21,71,77,42,30.0,47.0,10.0,35.0,45.0,,,,,
e9ff1cae-41c8-4a8c-aa1f-955ad499da99,97,67,28,76,97,,,,,,70.0,22.0,96.0,54.0,97.0
f7a67b94-7b5a-411a-b1b6-4afed31edf1a,45,43,64,52,68,31.0,47.0,15.0,67.0,11.0,,,,,
ded255d0-bf1e-4366-8b8e-63d4ce7607ad,54,2,31,66,54,,,,,,14.0,4.0,99.0,36.0,87.0
77e490c7-1d7b-4313-8de2-2f1c56b60afc,40,37,54,40,42,,,,,,66.0,68.0,3.0,85.0,78.0
c1101266-2408-46dc-9346-d1a9f6802cdb,86,27,68,68,63,,,,,,64.0,85.0,0.0,21.0,93.0
ad238d36-dc32-4c97-b9c1-e262f76c8ede,62,3,47,67,38,28.0,39.0,32.0,94.0,78.0,,,,,
65bcc272-fadd-4ea3-aca5-e2fdb966442a,10,19,85,47,92,49.0,31.0,61.0,96.0,83.0,,,,,
8eac0a33-cdf9-44a7-9882-b5c1f79efd70,19,92,4,5,32,75.0,47.0,90.0,7.0,34.0,,,,,
6502d6a2-ca6a-4224-971e-16cc5da36f1b,61,85,64,65,2,,,,,,55.0,5.0,18.0,71.0,26.0
1fa382e8-895c-4d99-83b3-8eb403902c5d,54,48,36,96,87,97.0,30.0,85.0,8.0,85.0,,,,,
bfbf397b-ac3e-4b0d-9e5b-a13d746cdb77,25,13,70,27,59,55.0,50.0,89.0,53.0,26.0,,,,,
618ae305-95a5-4afa-831d-029fac1e86d8,85,30,40,60,23,60.0,42.0,37.0,89.0,2.0,,,,,
5f18e583-f0b6-483f-a377-f6f1d289f0ab,94,96,39,42,36,71.0,66.0,0.0,80.0,28.0,,,,,
78b2b549-3bdb-409e-acc2-16a01bbc91f7,74,79,42,16,69,94.0,69.0,96.0,40.0,64.0,,,,,
f1738856-e25d-46eb-9e9a-9f83066803ee,0,79,57,48,29,,,,,,14.0,73.0,69.0,46.0,16.0
9c2e58de-ea4e-4617-93f8-382b8fb864e4,59,75,71,68,8,41.0,0.0,74.0,65.0,12.0,,,,,
a2a9d4d8-102e-4de5-a5cc-8bf738ab854c,0,6,62,23,57,,,,,,54.0,57.0,97.0,26.0,70.0
b379cb1e-e8cd-40cc-b6da-3ca0d2e82f38,39,64,39,80,38,,,,,,62.0,26.0,49.0,85.0,39.0
1dde7969-6886-43db-a634-8e784d5c55c7,78,24,6,52,70,,,,,,87.0,16.0,52.0,6.0,41.0
0986bbeb-f23e-423d-8b9b-d93423c86d30,30,29,22,2,83,,,,,,92.0,75.0,10.0,76.0,60.0
1dba1267-7e1c-45a1-bef5-18a64dead645,67,66,58,86,57,82.0,80.0,86.0,67.0,67.0,,,,,
899ca782-e323-4d1a-bc1b-dacc18e19331,48,74,18,7,56,63.0,99.0,38.0,39.0,5.0,,,,,
5efa9c5b-7421-4f46-a37e-4b0122bae10e,28,89,47,5,71,,,,,,33.0,90.0,4.0,38.0,46.0
b24cc64f-be3e-4e57-b30a-9e32aba4fc03,43,49,82,88,80,,,,,,8.0,57.0,4.0,16.0,97.0
965befdf-6b4b-4411-8a4a-0e2df22b5b98,99,33,80,32,22,72.0,82.0,41.0,72.0,70.0,,,,,
e2aa7a5d-278e-400d-ba02-66efbe055787,49,54,58,91,54,,,,,,43.0,14.0,52.0,83.0,35.0
d56ce8ea-1959-4b5a-a7a8-f6366a35df59,62,91,9,34,91,,,,,,52.0,77.0,4.0,9.0,28.0
f065c817-687a-4850-9d9b-62317d45d8ef,36,27,39,96,28,23.0,55.0,70.0,27.0,90.0,,,,,
b0b63bcf-0860-4833-879d-0cdaf396ea37,8,86,86,87,52,,,,,,23.0,59.0,33.0,71.0,76.0
71d79665-7181-4dcf-b79e-fc6e5edb0d3c,66,47,100,31,77,94.0,100.0,52.0,37.0,89.0,,,,,
5cd8fe1a-dafe-48a9-bc71-e0bef3579560,17,78,87,8,99,,,,,,62.0,5.0,100.0,78.0,80.0
5e09a9ee-af88-4dec-bb1e-143b196f4dfa,51,20,51,96,80,,,,,,54.0,17.0,86.0,52.0,11.0
a5135ea0-fa53-434d-a6d5-901d8b621d41,63,64,33,84,14,86.0,78.0,73.0,85.0,56.0,,,,,
46a02a9b-65ec-4acd-8f80-35f55bd20c98,70,1,92,100,36,77.0,41.0,71.0,88.0,85.0,,,,,
f2f25eef-1f45-4bfd-b7dc-67e030974b2b,8,95,23,65,99,17.0,18.0,25.0,92.0,31.0,,,,,
1777e8cb-7468-4b98-92fe-2fded918b3e5,95,87,100,66,77,65.0,8.0,49.0,55.0,84.0,,,,,
a3b5cece-a446-4e72-b64c-911aa9ab364a,63,99,23,55,88,24.0,51.0,78.0,55.0,42.0,,,,,
0cf2b69b-0577-4ea9-b899-924698de8ebb,1,60,24,42,97,,,,,,39.0,89.0,58.0,60.0,89.0
fd235def-3e5a-47e3-9560-db22c96b5edb,10,75,51,76,53,27.0,57.0,73.0,77.0,18.0,,,,,
34885a46-9088-4eaf-8977-6598203c8c25,26,41,33,41,3,,,,,,42.0,92.0,63.0,34.0,88.0
8de08fc2-c3e1-4a85-946e-f10411906f50,18,77,6,38,31,16.0,44.0,74.0,81.0,23.0,,,,,
d0243d72-3748-467f-961d-33ba350843f0,62,61,3,76,11,,,,,,43.0,69.0,66.0,10.0,59.0
c63d04ee-541c-4a86-bba5-cd2fdea45c19,44,63,48,18,92,,,,,,45.0,41.0,58.0,81.0,73.0
989240ac-e689-43a9-89e4-8e8c25c61c45,91,27,11,92,11,,,,,,27.0,96.0,75.0,31.0,62.0
fbe94499-dbc0-40fd-86fb-7bf300b9d4a3,89,72,38,57,6,24.0,38.0,87.0,83.0,16.0,,,,,
8a4b8f7c-2147-4a15-bcce-96f6250a4578,17,26,55,92,18,9.0,55.0,59.0,54.0,55.0,,,,,
1c24220e-2cab-47e7-8c6b-66e5402adf9c,81,12,53,31,12,,,,,,9.0,3.0,23.0,47.0,81.0
21bddb41-0699-4731-9dcf-8766a93b12cd,91,85,37,11,10,31.0,86.0,95.0,87.0,55.0,,,,,
c9d6a63b-ca3c-4f5f-9bb5-c40c03cde2e3,59,78,32,81,34,,,,,,99.0,5.0,83.0,51.0,24.0
040a3aae-52e2-4fd9-96bf-10ab3ce915e7,20,43,24,12,20,79.0,53.0,48.0,84.0,29.0,,,,,
20733f6d-0d6a-45b3-83ef-20162c9b662e,29,70,37,16,74,,,,,,95.0,16.0,40.0,12.0,92.0
1d181ee9-86ad-4a8c-abc4-123ebde13c1b,88,18,52,44,15,,,,,,60.0,83.0,22.0,18.0,35.0
72c22a16-79eb-4168-9045-56e5bee3eb79,10,38,52,80,7,,,,,,7.0,3.0,34.0,14.0,2.0
97fa7f04-8363-4007-9cae-9610c72c1fe3,65,60,64,50,28,,,,,,22.0,14.0,73.0,76.0,11.0
38b77c07-80fb-4296-b3b6-a09b1beaf6ac,62,95,93,15,22,32.0,89.0,18.0,0.0,37.0,,,,,
ba2c98ce-0b19-488e-9d77-a45ef206c269,71,88,32,1,46,,,,,,64.0,62.0,46.0,99.0,87.0
a8addf36-ddf2-45eb-a8a3-f341c8819065,11,3,25,1,55,,,,,,45.0,63.0,58.0,69.0,70.0
a4b1f991-7542-4646-8d37-a539857dd3b3,83,38,29,33,97,61.0,77.0,7.0,97.0,20.0,,,,,
ffa361be-0f92-40e1-87f9-7d05f6ca6b8b,34,78,73,74,4,39.0,69.0,94.0,77.0,17.0,,,,,
6d204496-66d0-4371-98e8-8ebb7a9e8eef,68,25,44,34,80,54.0,8.0,11.0,9.0,96.0,,,,,
b65feea9-7d82-4264-9ba3-62e7afa415e5,49,63,65,79,40,,,,,,28.0,83.0,15.0,100.0,55.0
e63658c9-12d0-498d-b18d-4d05e8e22743,32,60,58,22,21,,,,,,47.0,19.0,82.0,0.0,16.0
25f934bf-9bb9-4155-9275-eb9414aeaf5c,17,66,58,5,10,37.0,60.0,70.0,18.0,6.0,,,,,
9fd34579-4667-42ce-a04e-178c10d08d11,82,13,2,1,43,,,,,,14.0,50.0,98.0,42.0,64.0
b64fa54a-8c61-4654-95da-75c1a21150f9,42,10,74,43,73,94.0,18.0,32.0,53.0,53.0,,,,,
98eeac2b-fe9f-4caa-a182-f347533f5a72,80,7,98,7,20,89.0,84.0,68.0,36.0,1.0,,,,,
816bcb9f-7426-4193-8b7e-6b3c87d292a6,25,37,2,59,17,,,,,,87.0,30.0,93.0,33.0,95.0
cb08587d-1963-426d-ae21-8b099afd4015,30,24,95,13,87,,,,,,84.0,76.0,40.0,58.0,73.0
a79b44b6-da50-4fed-9d4a-3d81b3a7d0e0,7,4,17,8,12,20.0,11.0,0.0,74.0,27.0,,,,,
8d244e3e-c4da-4ddb-a0b1-5abaa6a27967,52,19,79,23,10,,,,,,65.0,21.0,99.0,75.0,93.0
6e191042-370b-4063-9d90-e79eb888f6ed,97,62,35,34,43,76.0,86.0,53.0,25.0,40.0,,,,,
69efafb1-3a7e-4e14-a359-eee173991a47,37,25,37,7,93,42.0,4.0,9.0,61.0,37.0,,,,,
66132e69-7418-4109-93d1-bf0f56c438e4,98,35,76,41,9,1.0,85.0,73.0,25.0,4.0,,,,,
50032b35-1857-4baf-bac7-e2b96a7e4c36,49,57,38,17,65,,,,,,92.0,69.0,1.0,32.0,37.0
4140752c-aa44-4259-9001-8b7b6d4067f4,32,5,100,88,5,22.0,37.0,22.0,63.0,44.0,,,,,
afd380c4-2713-482c-b41e-a3ac5fd23109,53,13,81,52,71,52.0,71.0,100.0,69.0,93.0,,,,,
175a81ec-112f-4612-b969-9ed2ec48bf55,76,35,24,76,15,,,,,,17.0,55.0,47.0,82.0,60.0
6e8f75a1-17dd-4d81-95da-705cd4ef00aa,20,44,62,51,54,22.0,63.0,86.0,29.0,84.0,,,,,
5f65c8ce-bd21-4c11-be9d-61ee18b87245,5,22,30,92,69,100.0,3.0,52.0,54.0,90.0,,,,,
0f5ae9d3-8e6e-4003-a14f-3f12cfd01cbd,16,96,88,95,4,,,,,,53.0,60.0,96.0,10.0,54.0
8fca7b6a-8fc4-4092-b4e5-59e596229348,87,52,89,41,68,68.0,95.0,8.0,9.0,80.0,,,,,
692ac139-1f4a-4ca1-ab85-fd595463adc7,29,82,48,95,29,,,,,,97.0,82.0,50.0,53.0,19.0
f0ede303-aa53-419c-9fa4-bb9f5a856750,49,7,35,27,61,,,,,,45.0,16.0,7.0,77.0,31.0
ea74bb18-de3b-496f-ac45-96f6c012a0ff,93,96,4,93,49,87.0,14.0,48.0,9.0,57.0,,,,,
49a214ae-f7e8-48e5-8d2b-91efb8976ec5,26,7,82,11,91,,,,,,70.0,51.0,95.0,76.0,98.0
1a85910d-5a05-4c11-8ffc-a6b199b479d4,42,82,57,4,88,66.0,55.0,49.0,62.0,19.0,,,,,
279c658a-3676-4ce5-81e5-c9f693f277cc,43,80,29,22,80,12.0,20.0,43.0,72.0,95.0,,,,,
d8e7012f-3968-4c81-bb70-c3b8a81fdec3,67,91,90,31,27,,,,,,48.0,69.0,92.0,45.0,14.0
8e676a01-d86a-4460-99a1-120e1bb43332,92,31,3,23,42,70.0,94.0,66.0,75.0,27.0,,,,,
47503f1d-c33a-4f6c-9d69-1fba5e187b24,90,16,43,20,33,,,,,,32.0,23.0,64.0,59.0,99.0
6dda4f8d-cea6-4f4c-b9e5-8ff092f837d4,89,19,53,92,83,34.0,60.0,74.0,72.0,22.0,,,,,
c4767556-f97b-42dd-8f9b-72aed85c16bd,1,47,22,15,87,,,,,,34.0,4.0,15.0,0.0,89.0
accb461a-9d13-4363-9f29-4a8bd1846c39,47,2,50,40,6,,,,,,6.0,11.0,1.0,64.0,1.0
9be71737-06b8-4231-8e86-7f3ca487eeab,21,47,41,30,49,,,,,,93.0,13.0,7.0,49.0,54.0
b18753e6-d457-4ad9-a867-a096edd877c8,5,53,30,87,39,7.0,40.0,91.0,61.0,5.0,,,,,
45f50c52-2e2f-4f77-8769-79d644777442,38,100,84,4,86,,,,,,35.0,6.0,23.0,51.0,30.0
ebe9e207-4f19-4ec0-832d-4526b3e4110a,94,71,40,63,14,42.0,69.0,1.0,74.0,87.0,,,,,
2e709838-0190-4620-99dc-abd056febfb9,71,25,23,79,1,53.0,33.0,24.0,5.0,95.0,,,,,
a847bce7-90fa-4b57-a4ac-2130deaf528d,81,37,64,35,93,99.0,72.0,86.0,63.0,17.0,,,,,
bdb025ff-2451-45a4-91d0-59b26699cd99,30,84,6,32,34,4.0,16.0,84.0,88.0,100.0,,,,,
177d6e7e-07d9-44ce-b8c8-8faea2178f84,80,57,37,22,66,,,,,,98.0,0.0,92.0,13.0,95.0
604e46cb-3712-42d1-87cd-b6a1bf012e32,17,81,32,74,67,,,,,,83.0,44.0,93.0,54.0,91.0
284bf962-5744-4596-b422-21676b7a2460,99,67,47,0,38,58.0,75.0,87.0,5.0,9.0,,,,,
530ac1c7-b8ba-4368-8fc7-77685ebbcca5,46,28,23,34,53,,,,,,87.0,68.0,81.0,18.0,89.0
98a21f1c-914d-4fae-b100-13a7c6deb2f0,73,43,74,69,97,,,,,,85.0,58.0,96.0,45.0,46.0
27d415b6-0d77-45a0-a222-b6a615bfbe97,63,25,7,98,93,,,,,,98.0,95.0,34.0,96.0,28.0
0cbd3c03-9e2a-44ac-8122-b5b3284c03d2,63,69,71,26,82,87.0,70.0,54.0,25.0,28.0,,,,,
716fda0a-45a8-4829-94e2-86e5ac8936bc,78,91,90,95,16,,,,,,20.0,48.0,21.0,11.0,75.0
9b69554d-7c54-435f-ac8c-3b6aa974d079,78,61,60,12,4,,,,,,92.0,15.0,5.0,89.0,76.0
372f871a-45ee-432d-aa07-f2137129cec7,54,98,65,99,82,,,,,,82.0,71.0,63.0,4.0,57.0
585d3f86-1d23-44e6-8329-20b7c143f426,61,48,57,2,14,65.0,81.0,90.0,65.0,85.0,,,,,
ad9fb00d-4882-473c-9c63-45ab6e0ed1e8,63,82,62,13,91,100.0,73.0,5.0,47.0,98.0,,,,,
86e52753-7c93-46cc-97d7-a560adb14670,61,25,17,86,48,15.0,39.0,64.0,5.0,0.0,,,,,
3873e57f-0ba0-48e8-8ef4-92c1aac93316,28,29,24,72,71,62.0,74.0,21.0,69.0,56.0,,,,,
0e0630cd-996d-4c50-bc04-a168652ffb49,72,89,50,74,12,36.0,99.0,39.0,48.0,32.0,,,,,
f200c261-4d29-41ab-b455-12f701f7c7ec,45,21,61,31,33,,,,,,0.0,18.0,81.0,0.0,2.0
c3a00c6f-2321-41e1-8471-04c036136e15,52,84,27,89,0,,,,,,72.0,85.0,1.0,68.0,96.0
1eb74b56-53ff-43a2-8a19-35014169b9fc,89,90,81,46,41,30.0,25.0,72.0,72.0,94.0,,,,,
6e3f683a-bf3c-4140-bf54-a51101fa964e,68,11,91,99,35,97.0,22.0,86.0,40.0,34.0,,,,,
88575117-6155-4667-a112-507c2cfa55b0,19,81,13,71,13,,,,,,18.0,98.0,2.0,7.0,50.0
8f0881ee-8011-416b-bae8-8926b423ccde,13,28,71,99,4,,,,,,52.0,34.0,88.0,0.0,87.0
5aaab32f-ce63-42b6-ab05-347fd556b37d,71,96,70,89,32,,,,,,64.0,96.0,14.0,37.0,71.0
bdf66ba5-dc9c-46de-a5a6-74c212738a23,38,45,9,22,49,71.0,82.0,83.0,65.0,51.0,,,,,
75b27455-04cc-4ede-afac-16730ad45230,34,5,61,34,57,20.0,52.0,91.0,6.0,48.0,,,,,
5024bdc6-dcb3-4df3-93ee-cdc6ebd14d2c,29,58,85,32,81,46.0,60.0,52.0,59.0,58.0,,,,,
67884209-92ca-425a-ade5-93329364f3d0,70,16,73,32,3,,,,,,32.0,62.0,54.0,99.0,66.0
4a1dab32-6aed-4dc7-a3e0-5309b5a1b949,29,36,4,85,79,,,,,,77.0,4.0,50.0,72.0,3.0
f758dce2-0556-4aea-a7b0-32831d7c0098,17,98,21,6,76,,,,,,42.0,25.0,83.0,38.0,6.0
f296d9f0-cd23-42c2-abff-e17b532401fc,96,71,52,69,89,,,,,,16.0,44.0,7.0,18.0,77.0
b08a4895-d4ff-4666-b5c8-e90d9e3d750d,57,8,53,67,56,,,,,,31.0,22.0,74.0,32.0,38.0
6fcc57dd-168f-4e12-9ca2-60c9eb7607c9,76,59,70,55,7,,,,,,45.0,77.0,42.0,1.0,43.0
6f887f28-3e49-4d09-9b19-d8b8d8302081,75,33,15,27,53,,,,,,93.0,71.0,61.0,59.0,14.0
1422373f-8622-48d1-a683-e10796c044d0,1,34,28,86,76,,,,,,53.0,72.0,41.0,50.0,90.0
beed10b6-4f6e-474b-9eda-b0276550f74a,32,59,88,56,90,,,,,,53.0,62.0,94.0,99.0,96.0
c77444cb-5543-4c3c-b8b8-f24e56ea57b3,14,33,61,93,34,,,,,,48.0,63.0,58.0,82.0,49.0
a21b0307-82af-485c-938d-994c2b0abedd,88,85,6,75,95,,,,,,99.0,54.0,32.0,56.0,21.0
31a3ac4d-828c-47e7-87d5-b7be1d30d990,60,55,26,27,72,36.0,12.0,98.0,52.0,40.0,,,,,
59e1ac09-5970-4859-86b6-e4ade7ea8d5a,97,89,25,94,98,25.0,62.0,96.0,94.0,4.0,,,,,
a53bc024-d1a6-4d87-b54e-2019ba35844e,53,9,87,26,39,5.0,72.0,39.0,29.0,79.0,,,,,
1a5165ca-3c7c-4d85-a5cf-0041d0a643fe,62,84,40,3,3,17.0,87.0,51.0,76.0,34.0,,,,,
2c6a6e9a-3280-47a1-8187-222b257d5e52,79,27,63,31,14,,,,,,79.0,58.0,77.0,50.0,84.0
c257cf73-c29d-482b-a722-796e9a36d1ec,19,64,45,96,92,64.0,67.0,54.0,92.0,19.0,,,,,
f387e1bd-2d59-42c6-934a-5a2fa7cf705c,86,74,8,40,90,,,,,,53.0,90.0,40.0,76.0,50.0
76c5a0dc-7e7e-4419-a0c1-4035c5d95f51,38,41,73,54,46,40.0,19.0,90.0,71.0,82.0,,,,,
9458054e-c287-4f06-9050-f7efc1235c91,77,86,8,83,45,62.0,66.0,41.0,29.0,45.0,,,,,
e1cde87f-ec95-4f87-ae5e-c36572eb7474,33,74,18,59,86,33.0,92.0,81.0,53.0,85.0,,,,,
fc8d5b93-a2a2-491f-a49b-1cd99082889b,24,50,15,85,3,10.0,68.0,78.0,96.0,47.0,,,,,
f891b0c3-dd3f-487e-92bd-c6619fe0a8c7,91,58,81,96,92,84.0,0.0,96.0,94.0,89.0,,,,,
70944bdb-26a5-44e3-90ee-7a92a09151e0,11,25,83,28,34,,,,,,38.0,8.0,83.0,83.0,9.0
a1a27485-7134-4c2a-b80b-3657117b355b,35,30,80,17,16,,,,,,57.0,8.0,48.0,91.0,66.0
97674900-4651-4367-8bdc-43184d85a3d2,89,63,66,39,17,1.0,28.0,72.0,10.0,35.0,,,,,
12fe28bf-81e0-4489-9a18-e2a30e614bcd,27,17,57,57,39,,,,,,68.0,94.0,86.0,19.0,89.0
09a0a0f6-73b0-4091-b634-c1694f76e388,41,12,62,38,55,39.0,60.0,54.0,98.0,60.0,,,,,
497de16d-d4ea-420a-9e65-96540e9058b6,33,22,94,58,79,63.0,80.0,57.0,47.0,51.0,,,,,
fa34d2e8-dd3f-4d7e-a508-dc9513a4a492,99,88,12,22,51,,,,,,95.0,30.0,35.0,51.0,27.0
98159d6c-9d71-4084-971d-abf9daf481a7,82,89,30,87,20,55.0,12.0,54.0,50.0,12.0,,,,,
949077c2-7674-456f-a26d-719d81cf3252,43,67,20,3,57,,,,,,53.0,83.0,58.0,37.0,64.0
bd29ede9-cab4-423b-b448-83858de7ad6c,51,28,52,55,96,,,,,,99.0,49.0,84.0,83.0,70.0
e8b77f7b-7321-4f6b-8a80-76ece5582e16,92,34,30,0,7,87.0,71.0,16.0,59.0,87.0,,,,,
30307633-a6de-41d8-9258-17b7cf501889,92,50,47,41,36,78.0,43.0,50.0,0.0,0.0,,,,,
80599b93-79c2-42e4-9ae1-a991524f93ff,53,75,19,60,18,13.0,45.0,29.0,90.0,36.0,,,,,
73557b9d-0fd6-447e-b52d-4af2269ed4c9,60,93,62,62,15,,,,,,26.0,87.0,94.0,6.0,23.0
d65e59dd-e62d-4d06-8f9b-85581a7f195b,98,82,34,49,70,42.0,26.0,51.0,93.0,83.0,,,,,
15969802-b6dd-4257-bb7d-9f1c57eb89b1,42,16,37,95,32,,,,,,19.0,13.0,97.0,74.0,100.0
0a0537f0-2c2c-422b-a568-95c6812a1f9b,97,59,75,69,55,25.0,34.0,52.0,19.0,34.0,,,,,
fdb1429e-7010-4d13-b526-b22d3f6c21f7,33,7,7,72,66,82.0,3.0,12.0,46.0,11.0,,,,,
9c1c3517-85d2-40a6-8629-5b5d707df251,91,70,57,78,9,,,,,,41.0,78.0,31.0,59.0,46.0
eafde7d9-5f73-4a3e-9d28-6aa428a39779,55,3,100,59,35,61.0,87.0,35.0,89.0,52.0,,,,,
c6435300-68a5-4c68-a32d-bb5e486bb6bf,56,53,75,75,95,,,,,,60.0,45.0,26.0,67.0,93.0
0d67d38e-990f-4c5b-adcc-3daf569f3ab3,89,49,45,76,13,3.0,82.0,56.0,35.0,56.0,,,,,
55ab946d-a5b5-4dc2-a181-c85eca0ac6ac,51,5,29,85,68,41.0,51.0,73.0,84.0,3.0,,,,,
8ed6ad5e-1831-4aa3-9466-9d1910df9974,87,63,59,78,25,2.0,56.0,45.0,62.0,72.0,,,,,
4082cbb9-48bd-4b3e-a2f5-df2badaa44ca,71,34,91,65,99,5.0,97.0,12.0,41.0,67.0,,,,,
f6e39356-a814-4562-9a00-3f16b9469bcf,98,79,69,16,51,21.0,36.0,23.0,37.0,92.0,,,,,
267eddce-df8f-4197-9a4a-99b2e806133c,15,27,66,6,56,73.0,54.0,15.0,29.0,54.0,,,,,
a9e27ba9-952e-4abb-94dd-5061555736f8,55,73,27,40,96,69.0,23.0,5.0,23.0,32.0,,,,,
4f6b58c8-598d-4aec-aaaf-e5432434a678,35,24,47,71,3,,,,,,47.0,48.0,31.0,10.0,9.0
a981b098-b2cf-452d-a7f3-33b3f7baf55e,64,77,56,82,39,14.0,74.0,8.0,26.0,81.0,,,,,
b576255e-9854-4f22-a102-f9c964575bc4,45,11,54,59,81,53.0,31.0,78.0,33.0,39.0,,,,,
8f158449-4f40-422f-95b0-2530f020e992,7,56,100,50,93,,,,,,84.0,98.0,96.0,53.0,84.0
54170a17-caaa-4bbe-a4bb-f962606e0e1c,25,89,62,96,61,,,,,,52.0,87.0,65.0,34.0,10.0
b3ecb951-ab8c-4f97-a0b7-1785d02ce0c1,13,74,63,54,80,,,,,,30.0,63.0,62.0,45.0,38.0
ff4625af-bd20-463b-b275-b5f3d436a7a8,22,81,40,50,45,,,,,,71.0,55.0,40.0,83.0,76.0
17ec889c-86c1-46cb-a996-30f7af77520e,11,31,60,27,73,,,,,,94.0,20.0,69.0,17.0,78.0
822c4d32-6c64-4c15-aba3-01cba561e1e9,58,64,85,20,14,,,,,,18.0,89.0,60.0,22.0,40.0
4f11d8dc-5cd3-4369-84aa-c1b75ca0c428,95,45,94,16,20,,,,,,25.0,55.0,54.0,40.0,35.0
577bc55a-36d5-4494-b37f-d50d2e25b5ee,53,97,72,47,5,,,,,,18.0,53.0,29.0,70.0,69.0
31274148-7c7c-404e-8422-d03ef29a6339,24,80,49,50,38,38.0,42.0,53.0,84.0,28.0,,,,,
27aa7cbc-2337-4bbc-bffe-77c839feb99c,68,25,41,82,48,,,,,,88.0,41.0,64.0,64.0,22.0
c9c23e69-d82c-4565-8bb9-07ec13c11754,79,54,66,19,79,11.0,33.0,62.0,37.0,13.0,,,,,
8a2e6a93-c558-4bb2-81f7-f3fb19e45c6a,74,52,45,8,86,,,,,,70.0,85.0,95.0,98.0,60.0
86cac6f4-e238-4e93-bd17-c5e8d5ca69ab,44,3,25,76,100,55.0,11.0,18.0,83.0,91.0,,,,,
e05b46c5-5636-4094-a974-31db09a9d1c1,10,91,54,36,27,66.0,43.0,22.0,87.0,0.0,,,,,
98e52499-218c-4e1c-9e37-4f7ac42cbc39,76,75,8,45,51,,,,,,38.0,72.0,26.0,82.0,9.0
2e4bebc4-2989-4880-a77d-1be96070b6a1,38,19,56,38,78,38.0,35.0,88.0,16.0,40.0,,,,,
9feefdff-c566-4a81-b15e-54f6d4d30795,65,21,38,5,31,1.0,40.0,75.0,39.0,93.0,,,,,
b89f72f3-2a60-4652-a714-7668cf1d7d3a,83,84,52,28,91,,,,,,32.0,98.0,20.0,19.0,43.0
5d42b9e9-692e-47b6-8b2f-6d5c700b5d5f,67,12,22,12,94,,,,,,38.0,86.0,70.0,50.0,34.0
f836f571-3cce-476c-b836-c448ad261ec5,100,68,3,66,42,92.0,2.0,59.0,17.0,81.0,,,,,
c09cb506-48f1-496d-9c4f-fb4671b701aa,99,65,75,35,72,,,,,,20.0,27.0,75.0,34.0,14.0
3be79df4-72ec-416e-88a7-23e9bfa016c2,96,3,85,54,51,31.0,62.0,76.0,36.0,71.0,,,,,
f7315749-4f39-49a8-bd3a-258288b4f474,99,11,82,65,65,,,,,,28.0,92.0,99.0,97.0,85.0
e76adca9-7811-4802-88cc-7cfecf01f944,74,57,96,86,78,,,,,,1.0,48.0,58.0,31.0,38.0
ada58417-5e2a-432d-b1ab-0b56d5c9fdc7,4,83,12,63,51,100.0,31.0,63.0,50.0,68.0,,,,,
70cafdd8-fc04-4f08-9207-0158f2771f63,30,50,93,65,3,72.0,58.0,50.0,100.0,32.0,,,,,
c7332304-4822-4120-84f9-eccd7630a8a7,73,21,89,88,85,88.0,69.0,93.0,77.0,67.0,,,,,
6b2d5b09-8707-4ad4-80be-7e3561c2645a,12,93,78,100,65,59.0,7.0,69.0,75.0,43.0,,,,,
331f63fb-d11f-48c0-a97c-a4fff75d599f,52,10,21,16,46,4.0,73.0,95.0,9.0,20.0,,,,,
df7d0dd7-236e-4608-9acb-394acd1f5318,24,75,91,78,14,,,,,,12.0,15.0,57.0,64.0,95.0
7b07fd31-a424-4f23-8d5b-a7cd400035f0,32,37,80,62,37,14.0,23.0,27.0,55.0,77.0,,,,,
ef2ddcc4-8df6-41da-9f07-c1a5dfc620ce,2,11,65,56,33,,,,,,96.0,98.0,65.0,12.0,14.0
8412a335-d88c-456d-b61e-5fdb1a435206,36,91,42,23,69,13.0,54.0,61.0,35.0,78.0,,,,,
1578d709-48f9-43d0-9fea-e1e0d9e604b3,97,76,2,73,88,,,,,,86.0,40.0,82.0,35.0,30.0
73069588-45d5-468d-a90a-3abbc35b9fea,91,11,63,33,1,,,,,,29.0,89.0,37.0,95.0,80.0
d4bf7a4b-25b8-442f-836b-15c7e7c225da,89,81,90,50,66,,,,,,46.0,57.0,80.0,100.0,36.0
e916da57-f248-43ab-977a-8a5f6ffe33b3,13,29,73,56,66,,,,,,16.0,7.0,66.0,71.0,94.0
e27718c5-737d-4fb6-9113-76e038d77b9a,5,31,68,30,21,,,,,,12.0,15.0,56.0,71.0,69.0
6a36af18-06d3-4b93-ae33-688d597e6845,9,91,21,94,69,,,,,,21.0,67.0,45.0,99.0,76.0
5fbbf0b1-8083-49c8-a57e-01c90da23e5c,0,67,76,25,58,42.0,32.0,33.0,56.0,75.0,,,,,
14e4180c-fe99-46a3-a2db-c8503c5bf3a7,89,60,96,77,33,48.0,85.0,90.0,27.0,9.0,,,,,
519554e3-0737-4c86-b97b-5f515ffa46ef,50,25,98,90,27,,,,,,49.0,3.0,53.0,15.0,36.0
b6f6dbf1-d6d4-41cc-995d-82f8ee4a9b5d,84,50,48,31,30,86.0,20.0,1.0,75.0,40.0,,,,,
25637cc3-ca97-4bf5-95d5-96afa663d2cd,91,2,18,68,65,,,,,,64.0,89.0,87.0,11.0,55.0
eada79a3-4970-4d9a-89ce-3cfb2339ba19,68,96,16,77,94,80.0,67.0,30.0,0.0,97.0,,,,,
d4c3a832-b231-460b-b8f2-ce6bd46b415d,70,86,75,97,11,,,,,,46.0,96.0,45.0,39.0,69.0
781799ff-b49e-44cc-8243-69e72387eaf6,9,90,50,51,96,29.0,31.0,28.0,53.0,8.0,,,,,
e7e646c7-0158-4463-9d87-76a072d78bdd,39,19,92,87,4,,,,,,31.0,23.0,8.0,44.0,29.0
3735262d-4184-4b03-84dd-7054144823f7,84,62,40,44,89,,,,,,55.0,73.0,89.0,69.0,83.0
f0b2a5d1-8c7e-4f42-a646-eaf9d5c0244d,27,2,19,22,61,,,,,,7.0,81.0,45.0,74.0,69.0
6c5a6c93-871c-4884-9bdf-90f2ba2c0f19,50,16,52,57,69,,,,,,52.0,6.0,23.0,76.0,64.0
3cd5fd7f-49c1-4669-86b3-3fe61c76bdf6,74,28,3,86,83,11.0,79.0,56.0,34.0,80.0,,,,,
3d0a5f0c-0c39-4ec7-9f31-74054d183eba,43,90,97,22,70,,,,,,90.0,54.0,8.0,100.0,44.0
9f708368-cb3c-48ca-a392-57316b79afcc,28,5,41,100,98,14.0,94.0,30.0,37.0,95.0,,,,,
d6312a80-1c61-4ec2-9014-2131750565f5,79,63,47,78,38,26.0,6.0,26.0,89.0,37.0,,,,,
893ad232-98c3-43ca-bff4-cec6e7b7b4c6,94,16,20,92,32,26.0,15.0,51.0,39.0,90.0,,,,,
93364f7e-83ef-49f3-a1c7-cc8a04351b64,35,39,4,1,38,,,,,,31.0,77.0,92.0,50.0,50.0
4a90cd0c-24c1-43b9-b7f2-85723defa849,67,87,25,6,73,99.0,46.0,28.0,81.0,62.0,,,,,
5a5226e6-9d64-4932-8066-853d6de299a1,95,71,93,29,24,36.0,19.0,69.0,24.0,92.0,,,,,
2ff3cde4-6aa4-4c9f-9217-04753d959e3f,19,35,97,58,69,3.0,61.0,48.0,82.0,69.0,,,,,
8603156a-15ea-4bcf-ab10-21ceaa143cd8,28,52,72,29,3,,,,,,45.0,77.0,89.0,28.0,75.0
f4124360-1153-4e99-9c50-8720f982f4e0,18,89,66,96,79,17.0,49.0,2.0,51.0,42.0,,,,,
c9525185-81e0-4a5e-8b48-f49686abd4e7,8,95,49,9,83,,,,,,2.0,53.0,80.0,93.0,37.0
0534a101-8ddc-4719-81f3-8dd4fd034ada,35,91,95,67,0,,,,,,91.0,23.0,27.0,43.0,22.0
0b251279-785a-45d0-9f92-a62163f4c69d,36,42,66,90,95,,,,,,79.0,57.0,8.0,15.0,31.0
5f90bed6-fb25-464d-a30a-a767a2bb522b,5,43,19,7,18,,,,,,6.0,28.0,46.0,49.0,98.0
5b6a8102-0428-4378-bf50-23f440ef3935,1,72,32,15,44,,,,,,31.0,94.0,86.0,92.0,81.0
3dba6da8-5844-49fc-914b-9547c9dc72b8,85,38,7,36,10,,,,,,66.0,20.0,33.0,93.0,23.0
1a89b71e-a0d5-42c8-a837-fe68bba205ca,23,9,39,62,98,,,,,,83.0,51.0,91.0,63.0,21.0
c1b5b5ca-bc35-46df-94f7-9dbac5811d2d,90,90,34,10,61,44.0,46.0,78.0,93.0,28.0,,,,,
5a304528-0b59-4562-a227-219f551ff086,63,7,76,68,83,72.0,12.0,92.0,68.0,10.0,,,,,
a48e40f1-d042-4dfa-96ab-087a8bc78e81,60,2,59,16,33,,,,,,67.0,65.0,23.0,23.0,31.0
af475b49-c775-4395-9494-05f02cd2a404,58,70,13,79,2,,,,,,32.0,97.0,76.0,68.0,21.0
7a8104de-b205-47bb-bb16-f75776f186ab,64,74,0,19,86,97.0,38.0,61.0,63.0,25.0,,,,,
2285b2ef-cfbe-4fe9-aea9-c542a1b970d0,13,57,59,10,16,97.0,95.0,10.0,22.0,92.0,,,,,
f1901b7e-c6b4-49ef-b74e-ba9310275b53,27,73,66,36,80,,,,,,45.0,49.0,78.0,87.0,7.0
339b77a8-4b1f-4d7b-8977-c513752a7d25,3,31,15,24,27,99.0,68.0,17.0,50.0,54.0,,,,,
e2c328aa-3310-4475-8a86-22250b36e356,84,51,39,8,39,,,,,,21.0,68.0,69.0,91.0,25.0
4f612217-eef1-4694-90ca-e32d0aba590e,77,19,62,1,4,37.0,60.0,5.0,14.0,64.0,,,,,
d0be73ee-fd37-4539-a5f2-02f983f02dc7,77,75,58,28,77,,,,,,36.0,33.0,11.0,82.0,14.0
095ffa81-40d9-4bce-b930-ba208b040f49,29,5,69,80,10,,,,,,18.0,59.0,56.0,67.0,67.0
493e904d-30ec-4796-a59b-457fc0d7ac73,61,44,60,3,87,36.0,12.0,2.0,65.0,63.0,,,,,
0c3ce284-c7e5-4bbb-9cb5-1c535b62a8df,23,39,49,26,31,40.0,56.0,36.0,62.0,5.0,,,,,
45f18619-54f9-4429-a7de-02ccdda4f4a7,62,70,2,47,72,,,,,,4.0,11.0,36.0,83.0,77.0
6fdc0bad-5e36-4127-8ca1-b45c1fdd980a,73,76,96,12,12,79.0,86.0,48.0,12.0,37.0,,,,,
7092947d-be49-49ec-a667-d3bbe3b56360,84,34,75,48,81,,,,,,86.0,92.0,55.0,28.0,94.0
56cb1ab0-62fb-46d7-b4db-ca07e506f670,55,45,96,24,43,,,,,,21.0,58.0,7.0,76.0,35.0
b12b6680-7f07-4cb9-afd3-40c0f945f2fd,100,45,42,35,56,66.0,88.0,41.0,60.0,18.0,,,,,
cc1b4157-ec9f-4c54-9e0a-72ab7f5db163,93,62,62,88,35,,,,,,38.0,87.0,70.0,82.0,17.0
15260718-cd18-4a82-8447-ceab84ef4324,87,17,75,27,48,81.0,1.0,57.0,17.0,64.0,,,,,
6e3c4532-1434-4f62-acac-028cba220065,35,68,94,24,27,46.0,100.0,87.0,53.0,15.0,,,,,
2e326567-d284-454e-bebe-c0db9a3a6103,94,62,54,6,68,95.0,92.0,60.0,94.0,91.0,,,,,
1a43db54-523a-4993-8b34-46bc8ba435cc,29,36,100,63,3,33.0,6.0,94.0,59.0,47.0,,,,,
4baf0f5e-a932-4094-93f2-8f11147f6570,15,6,93,72,57,,,,,,48.0,34.0,90.0,43.0,25.0
b7b8c1a5-9a45-493d-b227-890e4e76833a,60,33,35,37,37,,,,,,89.0,12.0,28.0,72.0,45.0
71a3fad2-b094-4d2a-aaa9-3b436d15f16f,25,41,8,84,59,70.0,100.0,32.0,68.0,69.0,,,,,
ba108217-0ad7-49a2-b277-16ec59fefbbc,7,72,59,69,45,,,,,,25.0,4.0,34.0,82.0,13.0
9d66e815-5a41-43b3-a95f-176cdebac186,85,81,90,31,47,17.0,8.0,12.0,28.0,0.0,,,,,
a3b442bd-4649-4296-af58-42c3ff86cc31,16,7,100,82,83,,,,,,38.0,95.0,60.0,41.0,65.0
0eaf04b5-f2a9-4c8a-8a9e-4a62fae3114b,85,81,11,17,94,,,,,,46.0,53.0,100.0,81.0,3.0
67fd64c4-a334-458a-abd2-b5121335e5db,32,39,5,60,10,44.0,62.0,24.0,84.0,35.0,,,,,
bff9507d-cd14-403e-8359-9af65d01f55f,22,25,7,52,92,,,,,,53.0,98.0,82.0,55.0,93.0
07f8d4f0-f3ea-4184-a8f4-e3ceadedda80,5,91,90,70,90,,,,,,15.0,1.0,5.0,12.0,73.0
ad973b67-9b89-45cb-9942-644c248d31ec,30,57,42,31,64,86.0,74.0,48.0,78.0,94.0,,,,,
20509c62-08e8-45d7-b02c-1821c8040fb7,9,62,91,21,17,,,,,,19.0,39.0,77.0,76.0,23.0
a52964ff-c74c-4890-bc6a-3174113634a5,50,32,27,27,88,49.0,36.0,48.0,4.0,70.0,,,,,
f31046dc-6202-4ee6-9cb5-e69c5dc7b3e6,52,8,30,21,78,31.0,35.0,9.0,61.0,19.0,,,,,
2747b93c-9ae7-4eab-884a-67809136f1f8,16,82,76,19,92,,,,,,22.0,53.0,78.0,100.0,53.0
5ef787b8-f2e6-495f-b32e-2016add702c9,49,73,44,1,96,83.0,96.0,8.0,15.0,53.0,,,,,
13aec376-c359-410a-b1a6-014c5f3c44dc,48,75,74,62,2,73.0,48.0,88.0,14.0,80.0,,,,,
5df06e8c-878a-4ed9-a33f-fc8292ec89af,29,5,41,18,74,24.0,73.0,100.0,26.0,77.0,,,,,
4758367b-a649-4cdc-907b-907265e58f34,41,48,89,49,6,,,,,,4.0,55.0,49.0,100.0,79.0
06a241af-1d0a-47f7-b5e4-a4713fe68c9c,3,46,71,31,98,,,,,,91.0,87.0,3.0,15.0,31.0
848af440-7fc1-4858-afa0-d842bc55300b,1,12,22,34,85,78.0,7.0,42.0,85.0,45.0,,,,,
1e2595b8-8fc9-486b-a9dd-ebf563119aca,82,6,78,74,7,40.0,14.0,85.0,45.0,89.0,,,,,
b43bd27f-42a2-49a6-8664-12854303cbc1,78,5,18,50,62,1.0,73.0,54.0,46.0,87.0,,,,,
9ca3fbb3-ff11-48ba-b6ee-1640723ef466,88,87,66,61,92,,,,,,43.0,71.0,56.0,75.0,41.0
ffa623d0-ea9e-4c8d-b1a8-b71f491b90e9,99,57,91,64,3,,,,,,4.0,32.0,67.0,16.0,58.0
22bf18f5-1f65-4a87-b33e-e3447dbf4bc1,1,40,90,93,46,14.0,78.0,59.0,53.0,54.0,,,,,
2c33350c-73b9-41d8-92f5-131ada52d2ee,22,1,31,100,97,46.0,96.0,31.0,3.0,21.0,,,,,
ff4c96d6-71f2-4e8f-b69f-68c3e60fd420,55,94,55,75,61,24.0,74.0,2.0,31.0,47.0,,,,,
f7b217c7-ae92-4a71-8f7d-cb431679742f,91,96,85,99,93,9.0,18.0,69.0,36.0,56.0,,,,,
aaf78c67-51d0-4109-bc90-2838d8741408,65,98,92,31,13,,,,,,32.0,51.0,68.0,88.0,55.0
8ccc9cea-109f-48ee-b5a4-720058f0dd23,99,20,96,84,22,29.0,28.0,4.0,38.0,14.0,,,,,
4cc9f5f2-e42e-4037-8a55-2ea08acbbe09,96,13,34,91,29,,,,,,37.0,8.0,90.0,69.0,87.0
b5a5f8e6-b639-4f04-a852-4385d9f2dd0d,68,65,72,82,81,,,,,,27.0,81.0,66.0,13.0,26.0
2c913a7c-a340-4f08-b341-91b8ed6522b4,35,84,90,83,44,,,,,,78.0,51.0,48.0,55.0,59.0
3967e60a-823d-4107-9c8a-c066cb2fafa3,68,17,85,23,53,48.0,49.0,62.0,70.0,3.0,,,,,
cac4d0eb-3373-430e-bc31-a5971f119c0f,61,22,12,93,56,,,,,,59.0,12.0,4.0,63.0,73.0
7e7838c9-ca55-438b-bc9a-be10238d6f44,68,38,71,98,8,86.0,54.0,8.0,14.0,15.0,,,,,
9280c5aa-8dd4-495b-9c63-b6f306ba8cd3,11,5,8,7,24,,,,,,66.0,100.0,36.0,45.0,97.0
fba6abf7-cdbc-4653-b7a7-e8b75e70f65f,65,49,64,63,90,4.0,38.0,89.0,1.0,65.0,,,,,
e25df9a8-9ca8-45c4-a138-afe08d38bbd8,40,42,64,61,90,,,,,,66.0,74.0,46.0,69.0,33.0
65edcfe3-4f2d-4d3f-90d4-de39161237c9,38,47,56,100,50,89.0,10.0,28.0,7.0,69.0,,,,,
7a89cbeb-b807-478a-b788-f5d1ffe575f6,94,10,40,74,4,,,,,,50.0,43.0,47.0,74.0,35.0
68d0a2a8-c4e7-47dd-a929-de738693fd9d,34,11,38,57,20,,,,,,3.0,75.0,10.0,67.0,41.0
20156a72-12e1-43a6-932c-ae01d2c65ee4,64,14,59,53,85,,,,,,65.0,92.0,18.0,87.0,60.0
12fc7a87-a470-4d48-9128-b9b1f8ede0ca,53,6,55,40,0,43.0,43.0,67.0,36.0,83.0,,,,,
8471b4b0-ae1b-4f69-b740-d83173318749,69,68,79,66,41,78.0,71.0,78.0,44.0,42.0,,,,,
d43cdd6d-e0c1-4f1e-a0da-897258321ee4,8,99,97,87,35,0.0,58.0,49.0,84.0,36.0,,,,,
96792482-a3c9-48e4-8d22-38e6c7bf4fbc,73,39,75,6,84,,,,,,73.0,33.0,22.0,1.0,39.0
21084dd9-f75d-4e3c-848d-56502e9522d6,92,37,74,76,13,,,,,,30.0,15.0,10.0,14.0,12.0
de431e06-e924-4069-80bb-ae526ec01269,86,14,85,99,63,90.0,90.0,5.0,42.0,65.0,,,,,
84a2576c-1fc9-45f8-94d6-07350e2f8958,90,23,3,29,92,,,,,,57.0,27.0,34.0,55.0,46.0
2976aab2-2a26-4770-8ddb-1b36272c0588,40,100,99,11,33,26.0,79.0,30.0,51.0,18.0,,,,,
39b86bb2-b596-4a7c-af4a-fa885299e505,31,71,45,29,89,20.0,86.0,6.0,14.0,6.0,,,,,
84d67c4f-f0df-4684-b28e-41225894f7f1,70,61,5,88,96,90.0,72.0,43.0,88.0,33.0,,,,,
143029a9-d88f-4c94-88b7-63d5e519dd7e,46,0,94,53,36,45.0,74.0,17.0,1.0,92.0,,,,,
f4d375c1-a293-49fa-b240-d7a14027ab7d,92,76,62,5,91,,,,,,8.0,95.0,82.0,55.0,66.0
a0017720-200b-4903-8642-6c458d03f17a,4,38,50,10,14,90.0,55.0,85.0,49.0,10.0,,,,,
17eaec83-8892-442f-9d4b-2bf94d85e9c7,76,98,60,89,3,,,,,,79.0,15.0,77.0,35.0,71.0
9780c215-2b2b-48e9-a417-c09380a8a23d,48,18,86,31,58,34.0,71.0,45.0,85.0,40.0,,,,,
2bd3cdcd-2779-4685-94a5-3fdef10d27c8,78,51,36,35,38,,,,,,4.0,57.0,61.0,99.0,34.0
e6e987ca-b87b-4384-9fdd-de2ea8a2b7ad,16,45,65,14,9,,,,,,65.0,22.0,59.0,83.0,40.0
ec86a890-d7b0-4bdc-966e-3cbe9aea622f,75,27,82,16,98,,,,,,35.0,20.0,11.0,25.0,82.0
dd20c3bf-d342-4f08-8a8b-b5b490494583,64,50,67,22,35,25.0,1.0,65.0,28.0,19.0,,,,,
f2d3f761-0ba3-4279-94cb-056407437c3b,55,54,63,60,34,,,,,,24.0,59.0,59.0,25.0,28.0
43c07d43-93a7-4792-8561-b8dca4364fcd,21,46,29,39,25,,,,,,15.0,34.0,61.0,18.0,2.0
92779574-c457-4cc3-b5f7-89bca6b07458,99,45,28,66,6,47.0,70.0,59.0,21.0,91.0,,,,,
07c0d116-a394-4d54-9e3c-5a886aa56e6d,6,1,47,63,76,71.0,0.0,46.0,53.0,6.0,,,,,
8baaf744-a08d-421b-a395-4cb17f7f6c0a,19,73,4,84,63,8.0,23.0,22.0,84.0,44.0,,,,,
4d560a3d-f4e7-469a-a454-09374a27ebf2,8,54,64,50,24,85.0,61.0,13.0,55.0,67.0,,,,,
ceae71cf-ce00-4af0-beb0-51817ba24588,11,18,47,19,27,47.0,54.0,67.0,92.0,72.0,,,,,
741b77f5-4c24-4053-a7f5-ae02af5b8f47,7,19,32,55,26,88.0,39.0,40.0,20.0,21.0,,,,,
2877f5d9-0f56-45f8-b048-faa112ae5c22,55,41,2,69,24,,,,,,74.0,58.0,48.0,74.0,95.0
76e5ae78-7bf7-41d3-aa66-2fce7089fc6d,58,4,4,74,36,,,,,,10.0,15.0,48.0,48.0,84.0
24c778a5-9b4e-464b-9716-dc2e343ada2a,79,5,78,49,93,,,,,,90.0,25.0,43.0,72.0,97.0
51beb80e-b7e6-414c-9c8a-49225005680f,27,91,31,17,43,50.0,10.0,8.0,6.0,31.0,,,,,
586a346a-dc5b-47d1-bcef-1972bbf483ce,33,54,8,41,43,48.0,96.0,66.0,0.0,7.0,,,,,
c2baf0e0-2179-43f0-a612-4ab4f9b21e6e,71,18,37,52,93,27.0,68.0,57.0,67.0,98.0,,,,,
1b2ededb-8fc8-4fc0-83d5-bceb5edbb8ee,66,95,66,52,57,,,,,,6.0,63.0,75.0,70.0,89.0
1f5d988f-776a-4f09-bde2-885951b1943c,62,72,54,32,73,,,,,,20.0,54.0,67.0,11.0,62.0
24108e9a-3f77-4cae-b318-b96d44790612,61,8,22,87,22,,,,,,90.0,88.0,79.0,19.0,94.0
f204be89-4a4b-4563-8cf4-77ef18c8a616,23,59,83,88,35,,,,,,89.0,20.0,89.0,31.0,50.0
6b0ae0e3-9d89-4047-9d39-d7936257a4a2,56,73,21,63,20,42.0,65.0,84.0,9.0,42.0,,,,,
e6fdd7af-dd84-4acc-b672-94643f8ea40a,9,17,76,69,61,52.0,15.0,76.0,65.0,88.0,,,,,
ef0a573d-53d2-456d-9040-158728e213bc,50,28,66,13,74,,,,,,81.0,39.0,71.0,69.0,88.0
3098f7b2-500e-45c0-b89b-df7f93e34c35,5,28,61,35,75,,,,,,60.0,54.0,88.0,30.0,84.0
fef7d9ea-7f8e-4483-a8ca-aa1dc35bec2c,89,82,18,57,29,,,,,,7.0,93.0,77.0,79.0,26.0
e10b1a47-7fae-4748-b781-321e83c501cb,24,73,58,29,95,28.0,7.0,76.0,2.0,39.0,,,,,
170d7507-05ee-41d4-bf53-a88e4efc8248,39,27,97,85,69,,,,,,60.0,68.0,52.0,95.0,25.0
750d112e-8164-4eec-a4ab-851bf1fac6e7,71,44,7,95,21,51.0,92.0,55.0,73.0,68.0,,,,,
95560a2d-3713-4466-bda0-6476f778c676,72,19,73,41,11,63.0,16.0,39.0,7.0,19.0,,,,,
4806f804-0cf0-474c-8c74-dc0f5a575539,99,64,51,77,20,,,,,,16.0,66.0,80.0,33.0,48.0
d7c4fe9c-e1e0-4ffc-98f6-fd7f7eb162f1,9,22,74,12,48,82.0,40.0,33.0,48.0,3.0,,,,,
4926ce5f-7878-4140-ac2a-4f71a77d95f1,69,86,3,45,11,72.0,45.0,91.0,7.0,2.0,,,,,
1b84edc3-d8e0-49de-8217-ea0e896490ab,62,13,46,46,8,0.0,28.0,65.0,91.0,35.0,,,,,
43b47ee5-e1e8-4e7e-a249-8f666e51484d,10,72,72,12,68,94.0,21.0,73.0,37.0,83.0,,,,,
673ba8bd-c38c-4dec-9da3-9a73ba3df7ff,23,63,59,43,17,,,,,,26.0,0.0,70.0,78.0,90.0
0d18ab95-668c-4477-8b95-017c5dae1201,21,6,52,10,80,2.0,13.0,15.0,83.0,76.0,,,,,
5cce5ba9-31d4-4e09-8fd3-3afc91fdfa4f,80,78,90,30,24,,,,,,82.0,3.0,29.0,37.0,23.0
62e7c1a6-12d2-4a06-89e1-cd138da00495,49,15,18,92,8,,,,,,41.0,10.0,39.0,3.0,72.0
8cc36f3b-c3af-4cfe-b34a-6ca38116e3fc,63,22,93,88,86,54.0,68.0,60.0,55.0,29.0,,,,,
9f8cc29f-fd35-4c5f-9347-9a3b479bc637,11,62,21,77,72,,,,,,6.0,63.0,83.0,90.0,3.0
20f0156a-1e6a-4628-9c6d-52d5ae2e9af9,2,68,34,88,90,,,,,,13.0,40.0,62.0,46.0,57.0
5f89ed12-64d6-4fbf-98c0-1e2bf99f0704,58,72,70,27,29,,,,,,46.0,52.0,66.0,76.0,33.0
8ece1128-56ce-4b42-bc9e-1dcbcb7e6268,82,57,44,49,0,84.0,18.0,73.0,53.0,23.0,,,,,
24eeb4a6-c145-45c7-9d98-6115f05eeefe,10,93,30,30,47,89.0,76.0,70.0,43.0,21.0,,,,,
66c14dca-8255-4a61-9a3b-031932f57510,96,97,69,6,63,,,,,,78.0,38.0,84.0,29.0,66.0
09f64405-0b99-4034-8a4e-255280051b10,29,36,41,85,3,34.0,14.0,55.0,12.0,26.0,,,,,
cdd0b4d4-5542-47de-b6ad-f48b2314d0c8,92,7,86,64,25,25.0,42.0,21.0,2.0,33.0,,,,,
2620f9a9-74fd-43d1-84f2-fd0f79474bfa,64,1,78,95,81,,,,,,52.0,15.0,40.0,75.0,92.0
23c8afdb-83f8-4f16-a4a4-474c9b33e3a4,51,74,15,1,42,,,,,,20.0,45.0,92.0,28.0,88.0
518b2f21-9cf2-4859-ae6e-2e7253f591dc,38,74,28,47,34,33.0,95.0,55.0,45.0,3.0,,,,,
9dd2f9de-fd98-4e33-a498-abe92999bbef,9,92,82,22,21,,,,,,16.0,46.0,48.0,76.0,0.0
97fe56c5-4c9a-4f24-97b4-c294bd44089d,72,61,73,8,83,58.0,34.0,50.0,72.0,60.0,,,,,
827c9f8c-d40a-45e9-81df-6517561c9210,76,83,43,46,81,,,,,,71.0,18.0,54.0,19.0,65.0
901bcdef-b56f-48ce-bd66-971e88476c56,72,94,55,26,59,,,,,,61.0,59.0,31.0,13.0,22.0
044251db-d0d4-4a67-b992-8faa4cbf131d,33,94,71,86,8,65.0,50.0,100.0,0.0,58.0,,,,,
1c0f0bdc-ac7e-437c-94cc-1e2a5e4cb287,0,45,72,63,68,,,,,,48.0,80.0,63.0,81.0,3.0
4ec3f970-956d-40e4-aaa2-6216fada98f5,26,93,4,38,69,,,,,,3.0,44.0,3.0,90.0,12.0
df41e335-b9ae-48e4-a615-99c8cbf81f86,0,92,37,37,19,,,,,,49.0,82.0,42.0,77.0,79.0
98cf1188-06d2-4913-a117-3719b023a0ea,68,3,63,21,29,,,,,,39.0,48.0,16.0,91.0,59.0
a7d4cf50-f791-41e5-83f9-cd6b797ebe87,70,19,8,56,77,2.0,55.0,85.0,11.0,97.0,,,,,
9416e4dc-c6b2-4def-b8d8-b7f1c86c6544,95,64,3,65,66,,,,,,75.0,29.0,35.0,78.0,13.0
0d259caa-b8ad-4d87-ba40-45dd93dfd907,47,34,54,51,89,,,,,,33.0,30.0,1.0,3.0,46.0
86341718-2ba6-4db3-bafe-b1149561c813,40,76,61,45,82,,,,,,18.0,99.0,32.0,81.0,6.0
c64c9647-9ea7-417c-b89f-7039a107cc46,100,46,31,96,70,,,,,,94.0,51.0,89.0,73.0,68.0
d25864f2-25d4-40fc-a154-2765d756ba9c,53,91,50,20,29,,,,,,85.0,32.0,96.0,2.0,57.0
9293f705-0815-4147-be00-980eae441e21,61,89,9,39,25,83.0,21.0,9.0,40.0,20.0,,,,,
30d73df7-1c22-4cea-b355-56a5f2bd92f2,24,97,65,53,27,10.0,38.0,25.0,2.0,44.0,,,,,
6b352f85-504e-4687-b0e7-e75604d9145e,19,57,63,82,38,53.0,11.0,74.0,64.0,29.0,,,,,
34323ec6-b0c4-401c-a9b7-c0fa26c432f6,23,16,21,43,26,87.0,26.0,30.0,51.0,41.0,,,,,
9c89d374-c664-45a7-8077-3e33690e7e62,21,4,3,66,52,,,,,,86.0,6.0,69.0,51.0,100.0
d92f3c1e-df70-4b2a-b8bb-22a5eba742d2,60,82,70,72,63,84.0,90.0,90.0,78.0,27.0,,,,,
b4adaf89-0ff1-4a9f-ba37-0623bc5fd4dd,74,40,45,37,59,55.0,18.0,19.0,64.0,89.0,,,,,
8f964685-3514-4890-84c8-6c4623595fa4,4,21,98,16,99,,,,,,66.0,46.0,41.0,4.0,31.0
7a768555-a987-4218-bf84-faef5336723b,47,34,22,12,34,,,,,,29.0,38.0,89.0,44.0,5.0
f4e95734-5052-4700-a077-96a38685abaa,58,21,60,23,73,32.0,35.0,65.0,14.0,71.0,,,,,
887b03e5-e980-4808-b5ac-824c2c55aef7,22,17,96,84,51,62.0,10.0,56.0,88.0,14.0,,,,,
ad05b912-5ab2-4d4a-8bd8-8fcd57a2be4e,43,98,24,4,60,,,,,,73.0,93.0,10.0,26.0,99.0
ae455cc6-b88e-430f-9e1e-994ac5a11f5c,88,10,71,93,86,100.0,12.0,13.0,13.0,20.0,,,,,
43ad3d62-b17c-4b21-8dbc-2c1ca4afe7bd,44,86,7,85,70,,,,,,15.0,81.0,42.0,45.0,36.0
f5141058-3138-4975-bbf3-3a349c2dfa97,65,54,41,24,94,40.0,33.0,80.0,36.0,48.0,,,,,
4c6a70f4-8ede-444d-876c-f68c3f1be0d0,61,27,26,7,59,,,,,,91.0,4.0,10.0,68.0,13.0
fb756923-f910-4bb3-b105-32523990e2c9,18,89,6,85,20,,,,,,33.0,4.0,16.0,43.0,83.0
b4746349-49fc-4cd8-856b-ad4c4c3077c4,37,28,78,47,72,87.0,77.0,27.0,50.0,19.0,,,,,
7d2f4e58-b47a-4c5b-b0b3-901535102852,22,75,50,79,59,,,,,,19.0,0.0,3.0,31.0,80.0
8f7c1d59-594b-4a3a-bad4-65a15129950d,40,12,13,96,31,65.0,98.0,64.0,26.0,48.0,,,,,
b8beff3d-cb9f-4f6d-af3a-6f27ef06fccb,41,32,26,86,36,,,,,,51.0,9.0,55.0,20.0,97.0
92cf6021-1f33-442d-89ac-908746015028,78,46,18,78,100,,,,,,100.0,4.0,20.0,77.0,57.0
e5508ea2-6133-434d-8b0e-8eb1ad371d9e,9,35,38,10,57,,,,,,45.0,44.0,38.0,94.0,100.0
585abefb-d181-4f77-a500-1423faebcd19,50,7,95,58,33,42.0,66.0,49.0,89.0,86.0,,,,,
257f7595-cdfb-4db9-85e7-8b23f4613f09,90,48,44,97,92,25.0,34.0,56.0,69.0,28.0,,,,,
f48f709c-49a2-4441-8ac4-de854a5b1aff,41,89,0,30,45,,,,,,78.0,18.0,24.0,12.0,64.0
ec8be537-58ab-4778-943b-45e3b6d1f6bb,28,77,22,69,74,89.0,95.0,72.0,98.0,19.0,,,,,
bf519362-41a6-4fed-a7ed-c8d8713f8f8c,48,79,62,62,66,52.0,28.0,66.0,50.0,4.0,,,,,
d3f4a49b-33ba-4a88-b6c7-d6fa7aa4f052,34,59,44,91,85,,,,,,44.0,9.0,8.0,85.0,92.0
8fe069b6-eeda-4802-8568-f42689e03e22,58,81,55,59,88,35.0,74.0,34.0,86.0,64.0,,,,,
1bf645f6-2324-4211-8588-fc1bb2384849,70,41,93,96,48,61.0,6.0,66.0,97.0,40.0,,,,,
3d4196fe-963a-4617-bdab-07e79d9d028e,6,5,37,94,2,37.0,7.0,68.0,4.0,98.0,,,,,
e7ba26ac-ab7a-4d1c-8cfe-f6833e11bafe,66,58,99,100,30,,,,,,39.0,40.0,60.0,2.0,75.0
3b9b2d45-a350-45e4-b9c5-9df987f255d6,72,28,64,94,40,47.0,38.0,69.0,90.0,73.0,,,,,
548e1f6b-69ce-4e4e-99a6-92c90d700ea4,43,90,59,83,9,,,,,,3.0,85.0,56.0,4.0,51.0
ae62990c-19bd-4f93-b8ef-7666b7a4c719,4,24,14,42,93,64.0,40.0,17.0,67.0,19.0,,,,,
f6eab3a0-0153-4221-a331-0a28c550eca8,81,54,46,86,9,,,,,,62.0,1.0,24.0,52.0,33.0
286ed390-edd9-4a1a-ba58-5b278ce3e7c3,11,8,54,68,80,21.0,20.0,83.0,86.0,51.0,,,,,
e1721c83-ef5e-4376-a723-fb72682b163a,82,15,88,22,75,7.0,0.0,71.0,95.0,95.0,,,,,
a689b424-7a3a-40e1-b9c7-73a0e0decc3d,67,69,88,32,41,77.0,31.0,38.0,31.0,24.0,,,,,
4988e418-f6c3-4218-8183-6315330f8be1,91,99,11,61,56,,,,,,98.0,83.0,100.0,52.0,95.0
0f25477d-a559-40e7-8910-fade52380bf2,43,17,52,80,13,14.0,20.0,31.0,75.0,7.0,,,,,
a6fd0cb1-16e6-45c0-84cb-294fe86e8e63,62,8,31,50,91,59.0,64.0,44.0,58.0,40.0,,,,,
bd1a8f4b-88ff-4d40-bb72-c86d92fa675f,67,96,39,67,16,,,,,,72.0,36.0,27.0,63.0,80.0
098c60b3-efc9-409e-99af-6e09b91e3d6e,76,66,23,79,48,,,,,,4.0,35.0,59.0,97.0,22.0
6afa828c-2cd1-4b9f-abe5-841fe9c96c52,47,98,11,7,82,41.0,27.0,11.0,63.0,75.0,,,,,
ef158d5b-2d00-4d05-966d-4627e1dace6a,28,76,14,54,51,34.0,47.0,14.0,90.0,90.0,,,,,
d61169a1-ff46-46bf-894d-916deb6d2fed,87,70,65,6,79,,,,,,61.0,96.0,13.0,76.0,91.0
2fb21e66-7ed1-4aab-89b7-c9bc65a16fa9,40,55,62,51,38,,,,,,96.0,46.0,0.0,74.0,10.0
df4e713e-f64e-4dfc-bfbe-ac7aefc59738,71,27,18,20,54,,,,,,98.0,42.0,94.0,37.0,62.0
0997623a-e072-4d96-8a1a-81f5ed10f004,16,82,64,60,10,37.0,55.0,61.0,67.0,18.0,,,,,
9a4ffc0c-9165-42ed-8c63-6e95025f5543,100,82,32,79,63,77.0,50.0,48.0,74.0,8.0,,,,,
55c551fc-fba5-4cc8-adaf-37661b780ede,64,74,29,43,26,,,,,,85.0,33.0,80.0,12.0,17.0
a42d0cd7-fd35-4f6a-b450-388748d90846,35,38,87,33,82,35.0,50.0,36.0,88.0,3.0,,,,,
e3a68a70-7e71-4b55-8639-bd418b15bd94,99,7,58,35,90,7.0,27.0,2.0,25.0,45.0,,,,,
811414f8-d9df-4d0e-a25a-ed6cf0458043,30,63,25,92,52,,,,,,8.0,92.0,23.0,72.0,51.0
cf0e6d2b-315c-467a-85d8-a6ad77d0359e,50,59,93,5,36,7.0,94.0,51.0,15.0,61.0,,,,,
bb2aa146-2999-494c-94a7-b69b1cd66b09,94,21,50,92,11,,,,,,5.0,45.0,20.0,4.0,56.0
b7f60cdf-41dc-4c60-a5f6-0735757b6b29,0,71,66,11,97,,,,,,35.0,56.0,100.0,69.0,100.0
564cfbd2-bc92-4d81-839b-058c2faabe0b,72,97,75,88,82,,,,,,37.0,80.0,59.0,92.0,15.0
aca58d95-915a-4c30-8b86-b5a1ca6fbff8,44,8,68,52,72,,,,,,77.0,14.0,55.0,96.0,82.0
9c678393-2ced-4c0d-b173-04b5c1dd484a,81,7,16,52,71,77.0,93.0,23.0,55.0,99.0,,,,,
67ce378f-e5a4-483b-a383-889adb2c6ac8,59,5,18,89,1,,,,,,55.0,41.0,11.0,39.0,54.0
53f30073-83e9-4ef4-ad7d-f5d0d3b59af7,64,57,28,65,18,,,,,,44.0,96.0,9.0,92.0,79.0
186b2880-ab54-4a15-a69d-01ff1634725b,94,34,37,53,50,,,,,,37.0,86.0,59.0,42.0,77.0
7a3a6e96-23ff-43d3-bb4f-b88a2f4dd219,36,32,56,61,59,,,,,,58.0,26.0,59.0,89.0,72.0
01bf9e73-3f80-4385-af92-40b652d78f10,5,66,83,31,59,,,,,,25.0,1.0,82.0,89.0,67.0
725d4259-3c4b-4eec-a231-ee7342c2d2eb,10,56,37,71,7,29.0,63.0,86.0,47.0,63.0,,,,,
546252e7-f43b-4052-8459-bd6ec0f63229,58,2,89,74,55,,,,,,17.0,43.0,92.0,51.0,76.0
92a81713-b90e-444b-951c-25d54d4c5280,13,66,60,55,94,,,,,,51.0,85.0,51.0,99.0,29.0
5c0b9b10-a757-4b10-82f5-25b902ed73ce,45,90,29,92,91,26.0,71.0,20.0,3.0,67.0,,,,,
aaf407f7-0fe7-4149-bc7e-5368b1594847,65,23,65,41,44,63.0,16.0,52.0,53.0,43.0,,,,,
28e333b6-4e8a-4c4b-b724-20411e43fbd2,67,34,12,25,87,,,,,,30.0,91.0,67.0,86.0,32.0
ec50ace4-80a5-4e65-afa2-855967c96204,69,63,87,34,44,,,,,,16.0,19.0,13.0,55.0,33.0
c5144d98-b41c-404f-a346-f415e5267a2b,5,63,17,5,48,30.0,91.0,84.0,13.0,92.0,,,,,
a38295d3-1e0e-4546-b0b6-dedf4f9c4027,71,39,57,29,53,,,,,,62.0,82.0,26.0,83.0,4.0
5e175b66-4b87-459f-b0cd-7f05ea87855e,81,52,40,21,69,,,,,,44.0,54.0,61.0,65.0,100.0
f5159494-3818-4fd3-b889-936a9d5817e8,32,44,83,83,4,6.0,65.0,100.0,73.0,60.0,,,,,
74797b61-2737-4b52-ba6a-210722319050,77,88,42,92,15,,,,,,35.0,47.0,58.0,9.0,34.0
5fa5e0aa-9b11-4530-bd24-7c11bf6b8cdf,51,16,83,11,17,,,,,,32.0,7.0,79.0,94.0,1.0
e9ad0e9b-8c9a-41e9-b3b2-63376a74dbb7,22,100,88,86,81,21.0,100.0,100.0,32.0,85.0,,,,,
cd4f8b2b-899a-4252-81e1-b94a78883058,25,44,37,70,24,39.0,63.0,71.0,39.0,25.0,,,,,
c3093b6e-37e9-42e2-935a-c07aaa0217d0,56,79,33,13,63,34.0,49.0,1.0,27.0,19.0,,,,,
98874bfe-c136-4c65-ae2a-e3413f59e4f2,53,78,2,13,18,66.0,4.0,80.0,55.0,100.0,,,,,
86879aa9-14f5-43d0-8991-2032df85c777,42,41,12,2,30,19.0,89.0,41.0,12.0,23.0,,,,,
5c9deee0-b42a-4456-8736-5a84725e134d,36,74,88,6,24,,,,,,43.0,75.0,87.0,54.0,72.0
1cb9b73a-906d-4c8c-aad0-8c8913fe8a29,25,21,34,2,59,,,,,,56.0,52.0,42.0,42.0,96.0
e723ada3-8c32-4db2-942a-895e0fcf601f,51,23,11,44,30,,,,,,62.0,20.0,37.0,34.0,9.0
89628f6e-929c-43b3-b3c0-8bf18167999f,73,43,83,60,25,,,,,,64.0,87.0,34.0,52.0,10.0
dabf984e-53ff-4461-aa1f-1b61265cb9d9,67,19,59,70,76,49.0,5.0,87.0,90.0,48.0,,,,,
ae27d432-1dc1-47eb-b11c-767385351a69,20,40,25,16,55,,,,,,3.0,18.0,76.0,28.0,57.0
7d23d479-9549-4a82-b787-ef8d3495311e,38,19,87,59,21,,,,,,61.0,59.0,86.0,82.0,93.0
720b274b-82a7-4586-a61d-9cde1747f387,27,92,12,90,57,91.0,93.0,5.0,84.0,56.0,,,,,
21c71aa3-7414-43b5-8e3e-25f2cf0671c7,31,16,34,31,9,70.0,37.0,48.0,21.0,76.0,,,,,
905c7bdd-74f0-4eae-aa59-43ce836435e3,16,24,80,23,18,56.0,5.0,60.0,83.0,75.0,,,,,
ac3a812f-765e-4cb5-8f0d-55400ec7d662,57,16,54,26,66,10.0,84.0,0.0,59.0,92.0,,,,,
0592bfa5-b928-423f-8ee4-334ece920136,16,27,95,18,43,87.0,58.0,51.0,70.0,33.0,,,,,
00c59f30-d103-4424-8124-1bb4655ce508,52,95,98,73,73,54.0,6.0,10.0,53.0,58.0,,,,,
12b2102d-940c-4503-b7c8-6152beed0af9,42,23,7,18,82,,,,,,81.0,32.0,32.0,57.0,13.0
b34c6c73-5833-4b30-ac77-6e950b981ccd,46,56,56,44,12,,,,,,54.0,97.0,82.0,51.0,13.0
0f6ce9bf-fe7e-4362-8a89-b0f0105291d3,71,91,84,90,43,72.0,98.0,25.0,7.0,67.0,,,,,
fc737d92-11ab-4d11-a4eb-8000ef40d162,43,21,91,70,94,9.0,33.0,22.0,73.0,52.0,,,,,
497ec6d1-081f-46dc-b8d9-a88aef0bea4f,10,62,87,61,55,17.0,61.0,39.0,12.0,20.0,,,,,
22ab7752-c4db-4a62-ae13-418d68ab80ea,85,16,28,98,67,,,,,,1.0,51.0,92.0,21.0,63.0
bab2b77d-fa74-4cc8-a43a-fb7ac40d4874,36,49,76,12,25,83.0,97.0,39.0,80.0,60.0,,,,,
5fdcabbf-6b9c-471c-b6ba-745ba55871e3,7,95,67,4,11,14.0,13.0,98.0,23.0,48.0,,,,,
72d35458-61ea-4f30-a42e-707afe2bd987,14,63,86,76,36,,,,,,9.0,87.0,28.0,22.0,9.0
60a399d4-e821-4716-aac8-0da1de9f6f5b,50,79,33,89,76,76.0,64.0,42.0,18.0,35.0,,,,,
f6d22a7b-aec7-4a82-948b-4376602a4e57,49,59,76,70,87,32.0,62.0,81.0,99.0,77.0,,,,,
220b9ea9-8a0f-4508-9fe2-c0a0a96b3c42,45,59,5,45,13,,,,,,91.0,69.0,22.0,0.0,60.0
1e5ebe54-5907-4299-9c3b-bdd8a74e02a9,26,7,95,60,31,,,,,,1.0,83.0,35.0,62.0,9.0
649f7d88-8989-45ab-be2b-34d82db0728d,10,78,86,11,50,,,,,,48.0,90.0,18.0,37.0,18.0
fa8dae42-ba54-4920-a099-d18087623997,74,30,95,12,36,80.0,19.0,63.0,33.0,54.0,,,,,
c194f97f-00e3-4026-95b6-de85390239d9,17,40,28,46,21,77.0,72.0,41.0,49.0,2.0,,,,,
76876c62-4c61-445e-ba7e-5d9405d1fb63,10,0,72,35,58,34.0,39.0,97.0,76.0,37.0,,,,,
6c93a791-8b60-4511-b816-8aebac6a7c85,94,8,65,29,15,,,,,,95.0,41.0,23.0,97.0,55.0
3acb43a3-d2c7-4ffb-a118-433b882ccd1e,67,38,72,58,20,25.0,64.0,94.0,62.0,37.0,,,,,
27b608dc-589d-4cb0-b5eb-89c23f5cf2f3,62,49,66,69,91,38.0,85.0,70.0,85.0,95.0,,,,,
e00da49d-effa-4002-b040-413c4690fb15,97,72,84,9,69,,,,,,91.0,75.0,81.0,81.0,99.0
083f64c3-1ce3-42f8-83f7-25feb99b2b5a,31,31,28,8,79,,,,,,44.0,25.0,92.0,32.0,82.0
9d6b9b62-6b53-4a19-a902-b73fcf39f648,81,38,37,13,71,30.0,11.0,27.0,63.0,51.0,,,,,
e39836bb-e23d-4faa-afad-49e9c41c147e,65,70,19,67,33,,,,,,19.0,24.0,95.0,6.0,26.0
1139fa12-34c1-43ea-bd9c-4e6404015ced,40,10,53,3,61,2.0,11.0,46.0,23.0,9.0,,,,,
7249f62c-0898-4462-980c-b95c19d45deb,64,96,34,86,99,,,,,,31.0,22.0,43.0,39.0,81.0
df495037-b40a-4181-ac09-bdb799086e47,25,55,14,71,10,51.0,97.0,17.0,20.0,6.0,,,,,
0b531932-bd94-49aa-bea6-e5b20c760d28,87,47,34,27,71,28.0,71.0,24.0,6.0,72.0,,,,,
8a2db2e6-3bfd-48a6-b05f-ddf566fadca0,4,18,52,40,38,,,,,,18.0,61.0,64.0,82.0,37.0
c6ac1b04-dd1d-4cd1-811f-6bf5379ef467,27,33,57,87,25,,,,,,81.0,19.0,37.0,32.0,38.0
fe54ee4b-80ff-4173-a3df-ecd70e731dd7,6,12,64,59,17,88.0,80.0,1.0,75.0,59.0,,,,,
ea98fef8-d0d7-4e37-bbf2-025f4a0d2b73,97,50,73,37,17,68.0,76.0,37.0,55.0,24.0,,,,,
93d563ae-51a3-4c26-937b-f79bbb44badc,67,96,55,27,62,98.0,32.0,24.0,40.0,40.0,,,,,
d18183d1-ac2b-4cfc-85c5-1060991121e7,79,16,19,62,79,,,,,,77.0,58.0,12.0,4.0,59.0
e0527739-4d40-4f1b-bca5-be2952171bf3,5,16,35,77,41,72.0,74.0,3.0,90.0,64.0,,,,,
8570b59f-a903-4e67-bc56-8b5324acb722,70,65,54,96,33,,,,,,99.0,57.0,99.0,41.0,67.0
46707cd6-4ced-4164-a9df-14e9389641dd,49,65,73,41,54,,,,,,7.0,86.0,100.0,65.0,84.0
97777f10-f2d2-493f-8e85-140d0f9aeb70,1,43,27,79,100,77.0,65.0,77.0,40.0,12.0,,,,,
2cd58759-e95d-4761-bc36-dc59e134edfc,75,5,11,46,94,43.0,18.0,41.0,21.0,56.0,,,,,
8e4c3ab5-6d5d-4477-adc2-9178a0411612,3,32,68,69,56,6.0,62.0,55.0,8.0,97.0,,,,,
582b91ee-f8e8-435b-8c00-988a7ee1011a,5,97,66,90,72,41.0,28.0,36.0,73.0,27.0,,,,,
61935990-abdd-4a8f-a4b0-5c89f10bce9c,43,93,18,56,57,,,,,,5.0,81.0,100.0,77.0,35.0
b2414482-5198-44d8-8643-3603c92a7d7c,27,44,91,24,26,100.0,80.0,69.0,43.0,55.0,,,,,
4cc57e0d-2633-4018-a883-ac6e6a944054,8,74,10,49,89,,,,,,14.0,40.0,73.0,0.0,60.0
89b5aab0-c121-49db-af12-b150605fb1eb,99,14,86,9,16,26.0,75.0,54.0,51.0,15.0,,,,,
39b02e2a-d96e-484f-bdb0-174e7938878a,30,61,92,13,32,87.0,11.0,47.0,46.0,86.0,,,,,
24f43c62-b523-40de-9b87-d29c4cfd0fc1,29,87,77,70,88,21.0,21.0,89.0,14.0,60.0,,,,,
0ec0713d-ea2c-4a51-b688-d11fce4758be,54,78,38,65,5,,,,,,93.0,2.0,33.0,52.0,97.0
6aa0426d-f7c0-45f7-a9a5-3b4f8ff8869d,40,30,10,44,53,4.0,6.0,6.0,1.0,35.0,,,,,
636f6e5c-2253-4706-87ad-8b268eaa5841,19,5,18,12,99,92.0,37.0,60.0,18.0,17.0,,,,,
548c1d84-340d-4049-8147-65063e2bf9c9,18,81,30,47,18,,,,,,59.0,16.0,41.0,8.0,35.0
73253aa3-ec17-4298-943d-f5b3a58e83dd,27,53,37,60,72,,,,,,24.0,99.0,67.0,92.0,91.0
891f6912-17ab-4863-9efe-ef4fd8ddbbc0,43,60,39,5,99,,,,,,79.0,86.0,97.0,98.0,14.0
0d31812e-30c3-4756-9453-f867b97e6224,32,96,24,13,22,93.0,37.0,33.0,73.0,37.0,,,,,
9adf4709-ac75-4344-a08e-149e44b9e602,58,11,74,28,88,4.0,89.0,63.0,98.0,94.0,,,,,
12a1fe7d-dfa5-4722-8a1f-c9df9a591974,53,88,13,91,33,14.0,43.0,92.0,55.0,63.0,,,,,
966be275-c2fe-4954-8dfd-9531302b7831,49,36,41,23,47,,,,,,94.0,46.0,28.0,0.0,47.0
378e6510-8f10-433e-abe4-2e7db96c1163,65,18,49,71,35,,,,,,89.0,30.0,91.0,56.0,48.0
e8334da5-de95-4695-b579-c1437ab99428,64,13,87,59,94,,,,,,79.0,53.0,16.0,97.0,91.0
e8b3d763-f4ff-4f3a-8d9d-baeb553d2625,70,21,25,9,4,,,,,,67.0,78.0,14.0,39.0,33.0
30a5648e-efe9-43d0-b639-08bf03ece8ff,82,45,100,81,55,,,,,,94.0,57.0,8.0,78.0,53.0
bf337a15-1e08-4f20-bdd1-51b0f64ab6ec,73,2,12,0,7,,,,,,48.0,92.0,20.0,80.0,66.0
ea18d32c-7a9a-4ef5-811b-d1c4ffe3f366,57,55,87,14,2,97.0,54.0,37.0,83.0,93.0,,,,,
b42a2d93-9aba-4f15-b214-90623e1a963e,58,16,36,25,67,87.0,58.0,23.0,92.0,82.0,,,,,
3d44cb2c-ea45-4a41-a589-ada1345af934,26,15,53,90,49,,,,,,3.0,50.0,74.0,22.0,84.0
48769153-c688-43fe-9255-5c758d55119e,16,23,81,16,86,90.0,22.0,11.0,22.0,71.0,,,,,
a6129a1c-889d-4b76-b75c-30b561730c48,30,85,57,61,77,,,,,,19.0,21.0,8.0,71.0,34.0
5c11ab6d-42f5-43f5-8ef4-c34d5bf86f3c,65,38,23,5,22,,,,,,93.0,12.0,95.0,76.0,56.0
774c0afa-7f4d-408c-a1ff-f6c08347f1da,45,68,100,54,97,,,,,,81.0,6.0,19.0,35.0,16.0
b8f0188e-fb37-4fae-8d85-63ca193e638d,1,48,18,82,51,37.0,1.0,49.0,99.0,20.0,,,,,
51facefa-d6f8-4f7a-82fa-1da878308631,31,83,75,43,58,30.0,29.0,12.0,44.0,35.0,,,,,
501ba851-5ee6-4495-b400-29c3ea11905b,20,65,37,29,82,,,,,,5.0,37.0,84.0,4.0,75.0
dd34aa18-9001-4ed4-8bb4-01e769f753f1,90,58,35,1,14,28.0,34.0,94.0,0.0,22.0,,,,,
0426fcc9-255b-40e2-bdc2-b74b38a56b49,85,52,4,98,63,19.0,11.0,77.0,15.0,27.0,,,,,
95831d58-ef4c-4119-8da5-d39b42c21797,71,40,61,20,86,,,,,,91.0,45.0,35.0,69.0,56.0
4b91b8cb-6ae6-4582-b852-b3cd9442b5e6,59,98,69,64,50,7.0,99.0,18.0,65.0,67.0,,,,,
3ae28023-5472-4d2d-b239-9ffb27046f25,31,81,81,21,62,,,,,,36.0,46.0,44.0,52.0,20.0
3ee82983-d557-4241-91dd-b9bf613d2de9,62,46,8,82,39,,,,,,88.0,3.0,23.0,75.0,40.0
f186e47a-a794-4320-8cf6-e8b87fd238c3,90,67,54,26,48,,,,,,56.0,93.0,87.0,33.0,87.0
c36b9a0a-41e0-4a89-966a-9ce7af521b94,93,39,82,34,65,,,,,,46.0,27.0,7.0,11.0,27.0
b93b17fb-f76d-45fd-bd16-45a0d253d966,73,41,41,2,8,83.0,49.0,4.0,80.0,41.0,,,,,
75f8e3a8-7d97-4c0f-bd56-09c4a4461663,73,3,31,42,12,,,,,,32.0,21.0,19.0,26.0,42.0
5a2837b2-cb83-43f2-bb96-f6022b115c36,21,40,98,22,40,,,,,,14.0,49.0,81.0,73.0,40.0
8bea75c1-b866-47aa-a3d4-526b2b54ff7a,55,30,0,56,59,53.0,1.0,39.0,39.0,6.0,,,,,
e3ad64d4-eab9-4b02-af1d-c1217d024c6d,35,53,84,69,99,95.0,20.0,12.0,1.0,40.0,,,,,
f50d7a37-a44d-4fec-bd85-d7fa8ac97b01,92,78,50,47,61,,,,,,74.0,20.0,95.0,29.0,35.0
d6cd3155-08a8-4c7f-8621-38ad0f09105c,95,74,8,22,48,56.0,95.0,31.0,23.0,92.0,,,,,
d1682e09-f1f7-4904-9307-5157d8c128e7,30,88,67,88,93,9.0,21.0,60.0,32.0,44.0,,,,,
01a25ed1-c3ab-45f1-8c6b-7074ab102c9b,36,96,83,15,7,,,,,,45.0,35.0,29.0,8.0,58.0
a175a9c3-d7b1-42a9-a332-a50e6992896e,87,48,2,70,67,34.0,34.0,17.0,39.0,0.0,,,,,
26a9e100-b509-409b-9166-58ce3b3f3800,73,2,18,100,77,,,,,,7.0,22.0,42.0,24.0,12.0
74bd0c93-8177-4661-b7fe-032c02571851,52,59,46,91,87,,,,,,48.0,2.0,94.0,87.0,72.0
a3422e50-9e2a-4324-8f79-a8a75f8a14bd,84,36,62,18,20,94.0,98.0,50.0,59.0,21.0,,,,,
e9aa144b-9dd4-4675-af14-5064aab07015,29,4,72,62,51,,,,,,80.0,45.0,36.0,26.0,14.0
0406ff44-7ce4-4679-a8c6-dbc07bb3447b,92,12,84,30,78,,,,,,29.0,37.0,73.0,30.0,40.0
694d7b00-8d38-4327-883f-13c601b158e9,94,27,91,2,79,49.0,93.0,43.0,21.0,79.0,,,,,
b8e19f56-8787-4a21-8448-2a220308aa5e,42,54,10,94,63,,,,,,51.0,42.0,73.0,57.0,91.0
49646b96-fa3c-4628-8926-21df465568b7,41,48,58,73,43,87.0,88.0,35.0,71.0,34.0,,,,,
b2a6e468-d02b-4243-8091-3ac10463750e,86,54,40,37,9,,,,,,33.0,75.0,44.0,55.0,18.0
f090f5a0-ce61-4199-ae3a-0ba8ac8d6c7d,89,40,70,18,36,,,,,,53.0,38.0,79.0,73.0,5.0
eb053fc4-1b65-4dab-ade4-6e91e8e6e840,66,59,6,18,34,87.0,38.0,37.0,80.0,6.0,,,,,
3db02235-261e-4555-863e-1f2a18a806ef,98,60,63,85,18,94.0,14.0,61.0,3.0,96.0,,,,,
409e7a80-86c5-41d6-9ea9-f50831227592,80,80,28,36,56,24.0,43.0,99.0,71.0,16.0,,,,,
cb80f288-446f-44dd-9abc-a6e5d0b1e3eb,79,9,83,69,4,,,,,,15.0,13.0,79.0,13.0,58.0
f5948a54-5f80-4eeb-943a-9aff659b0105,40,74,24,57,94,,,,,,94.0,79.0,94.0,6.0,96.0
3e42df5b-90a3-4bbf-b580-e05067f1698c,82,28,49,65,80,,,,,,19.0,23.0,3.0,99.0,31.0
4ccb2355-39d1-47ff-b27e-1442fd7fe973,5,28,96,75,61,,,,,,29.0,47.0,33.0,53.0,67.0
14a34f7f-d90d-419b-93fb-e043af1d5a1a,3,52,28,72,36,29.0,90.0,83.0,99.0,20.0,,,,,
a65f7b8a-dbb4-4021-bdde-64afa75b395a,67,11,61,55,3,,,,,,82.0,14.0,65.0,30.0,51.0
67c0518b-17ef-4621-881c-79d4c27437eb,96,66,42,5,14,47.0,33.0,78.0,61.0,91.0,,,,,
